link,title,full_date,print_date,date_info,sort_date,end_date,month,location,town,short_location,postcode,council,council_abbr,location_search,category,info,name,root,event_icon,ppf,update_date
https://museum.wales//stfagans/whatson/12450/Wales-isour-home/,Wales Is...Our Home | Museum Wales,12 November 2024 – 6 September 2026,Tue 12 Nov 2024 – Sun 06 Sep,,2024-11-12,2026-09-06,,St Fagans National Museum of History,St. Fagans,St. Fagans,CF5 6XB,Cardiff,cff,St. Fagans  National Museum of History  Cardiff CF5 6XB,exhibition,Wales is home to people from all over the world. There have been Chinese communities here since at le. ..,Museum Wales ,https://museum.wales/,./static/images/museum_wales_logo.png,-598,03 Jul 2026 09:17
https://www.cardiffcastle.com/events/paddington-visits-cardiff-castle/,Paddington Visits Cardiff Castle,19                         Nov                         2024                         -                         30                         Sep                         2026,Tue 19 Nov 2024 - Wed 30 Sep,,2024-11-19,2026-09-30,,"The Castle Green, Cardiff Castle, Castle Street, Cardiff, CF10 3RB",Cardiff,The Castle Green,CF10 3RB,Cardiff,cff,The Castle Green  Cardiff Castle  Castle Street  Cardiff  CF10 3RB,event,"EVENT INFO. ..                                     We're so excited that Paddington has arrived at Cardiff Castle as part of a UK and Ireland wide trail of 23 bear-y special statues, celebrating the release of the new film PADDINGTON IN PERU. Paddington is a friendly bear and will need lots of company, so why not step into Mr. Gruber's shoes and sit down for a chat, don't forget to take a selfie.",Cardiff Castle,https://www.cardiffcastle.com/ ,./static/images/cardiff_castle_logo.png,-591,03 Jul 2026 09:17
https://museum.wales//roman/whatson/12831/Animals-of-the-Gods/,Animals Of The Gods | Museum Wales,27 November 2025 – 25 July 2026,Thu 27 Nov 2025 – Sat 25 Jul,,2025-11-27,2026-07-25,,National Roman Legion Museum,Caerleon,National Roman Legion Museum,NP18 1AE,Newport,oth,National Roman Legion Museum  High St  Caerleon  Newport NP18 1AE,exhibition,Many Roman Gods and Goddesses have an animal to represent them.  Through the use of objects and . ..,Museum Wales ,https://museum.wales/,./static/images/museum_wales_logo.png,-218,03 Jul 2026 09:17
https://museum.wales//stfagans/whatson/12817/Women-and-Sport-Wales/,Women And Sport: Wales | Museum Wales,27 November 2025 – 27 November 2026,Thu 27 Nov 2025 – Fri 27 Nov,,2025-11-27,2026-11-27,,St Fagans National Museum of History,St. Fagans,St. Fagans,CF5 6XB,Cardiff,cff,St. Fagans  National Museum of History  Cardiff CF5 6XB,exhibition,This exhibition in the Life is. .. gallery celebrates the incredible feats of Welsh women in the field. ..,Museum Wales ,https://museum.wales/,./static/images/museum_wales_logo.png,-218,03 Jul 2026 09:17
https://museum.wales//stfagans/whatson/11787/Wales-is-remembering-Terrence-Higgins/,Wales Is... Remembering Terrence Higgins | Museum Wales,29 January–4 August 2026,Thu 29 Jan – Tue 04 Aug,,2026-01-29,2026-08-04,,St Fagans National Museum of History,St. Fagans,St. Fagans,CF5 6XB,Cardiff,cff,St. Fagans  National Museum of History  Cardiff CF5 6XB,exhibition,"Born in Pembrokeshire in 1945, Terrence Higgins was one of the first people in the UK to die of an A. ..",Museum Wales ,https://museum.wales/,./static/images/museum_wales_logo.png,-155,03 Jul 2026 09:17
https://www.visitthevale.com/events/the-other-bennet-sister-exhibition-at-dyffryn-gardens,The Other Bennet Sister Exhibition At Dyffryn Gardens,"April 3, 2026/August 31, 2026",Fri 03 Apr - Mon 31 Aug,,2026-04-03,2026-08-31,,"Dyffryn Gardens, CF5 6SU",St. Nicholas,Dyffryn Gardens,CF5 6SU,Vale of Glamorgan,vog,Dyffryn Gardens  CF5 6SU,exhibition,"The BBC Drama - The Other Bennet Sister exhibition, has arrived at Dyffryn House, featuring the beautiful costumes and accessories worn by the cast. You're invited to experience The Other Bennet Sister beyond the screen at Dyffryn Gardens, as the house is opens its doors to a very special exhibition celebrating the incredible costumes created by Siân Jenkins. Discover a stunning display of...",Visit the Vale,https://www.visitthevale.com,./static/images/visit_the_vale_logo.png,-91,03 Jul 2026 09:17
https://museum.wales//swansea/whatson/12938/Y-Mr-a-Ni/,Y Môr A Ni | Museum Wales,6 May 2026 – 6 May 2027,Wed 06 May – Thu 06 May 2027,,2026-05-06,2027-05-06,,National Waterfront Museum,Swansea,National Waterfront Museum,SA1 3RD ,Swansea,swa,National Waterfront Museum  Oystermouth Rd  Maritime Quarter  Swansea SA1 3RD ,event,Y Môr a Ni (The Sea and Us) is a brand new art installation commissioned as part of the redeve. ..,Museum Wales ,https://museum.wales/,./static/images/museum_wales_logo.png,-58,03 Jul 2026 09:17
https://museum.wales//cardiff/whatson/12923/Ffasiwn/,Ffasiwn | Museum Wales,23 May 2026 – 4 April 2027,Sat 23 May – Sun 04 Apr 2027,,2026-05-23,2027-04-04,,National Museum Cardiff,Cardiff,National Museum Cardiff,CF10 3NP,Cardiff,cff,National Museum Cardiff  Cardiff CF10 3NP,exhibition,"Our latest exhibition Ffasiwn is a socially engaged, anti-fashion photography project shaped through long-term collaboration.",Museum Wales ,https://museum.wales/,./static/images/museum_wales_logo.png,-41,03 Jul 2026 09:17
https://museum.wales//swansea/whatson/11881/Come-to-Sing/,Come To Sing! | Museum Wales,"16, 30 June &  14 July 2026,                     11am - 12pm","16, 30 Jun & 14 Jul",,2026-06-16,2026-07-14,,National Waterfront Museum,Swansea,National Waterfront Museum,SA1 3RD ,Swansea,swa,National Waterfront Museum  Oystermouth Rd  Maritime Quarter  Swansea SA1 3RD ,event,Join us to learn simple Welsh in a supportive environment and have a good old sing-song at the same . ..,Museum Wales ,https://museum.wales/,./static/images/museum_wales_logo.png,-17,03 Jul 2026 09:17
https://museum.wales//swansea/whatson/12863/Waterfront-Wildings/,Waterfront Wildings | Museum Wales,"24 June, 8 July, 9 &  30 September 2026,                     10.30am - 12pm","24 Jun, 8 Jul, 9 & 30 Sep",,2026-06-24,2026-09-30,,National Waterfront Museum,Swansea,National Waterfront Museum,SA1 3RD ,Swansea,swa,National Waterfront Museum  Oystermouth Rd  Maritime Quarter  Swansea SA1 3RD ,event,Welcome Wildings to the Waterfront! This morning is for pre-school aged children and their families t. ..,Museum Wales ,https://museum.wales/,./static/images/museum_wales_logo.png,-9,03 Jul 2026 09:17
https://www.visitthevale.com/events/glamorgan-history-walks,Glamorgan History Walks,"June 25, 2026/July 25, 2026",Thu 25 Jun - Sat 25 Jul,,2026-06-25,2026-07-25,,,check event for location info,Vale of Glamorgan,CF61,Vale of Glamorgan,vog,Vale of Glamorgan CF61,event,The Glamorgan History Walks are back for 2026. Join us for any of our 28 award winning guided walks around places of historic interest throughout Glamorgan from May to August 2026.,Visit the Vale,https://www.visitthevale.com,./static/images/visit_the_vale_logo.png,-8,03 Jul 2026 09:17
https://museum.wales//swansea/whatson/12967/Tides-of-Treasure/,Tides Of Treasure | Museum Wales,26 June 2026 – 26 June 2027,Fri 26 Jun – Sat 26 Jun 2027,,2026-06-26,2027-06-26,,National Waterfront Museum,Swansea,National Waterfront Museum,SA1 3RD ,Swansea,swa,National Waterfront Museum  Oystermouth Rd  Maritime Quarter  Swansea SA1 3RD ,exhibition,A display of 16th Century treasure from the wreck of the merchant vessel Ann Francis is on public di. ..,Museum Wales ,https://museum.wales/,./static/images/museum_wales_logo.png,-7,03 Jul 2026 09:17
https://museum.wales//stfagans/whatson/12853/St-Fagans-Ghost-Tours/,St Fagans Ghost Tours | Museum Wales,"1–30 July 2026,                     9.30pm",Wed 01 Jul – Thu 30 Jul - Wed 07 Oct,,2026-07-01,2026-07-30,,St Fagans National Museum of History,St. Fagans,St. Fagans,CF5 6XB,Cardiff,cff,St. Fagans  National Museum of History  Cardiff CF5 6XB,event,Book your tickets Explore St Fagans National Museum of History from a completely different angl. ..,Museum Wales ,https://museum.wales/,./static/images/museum_wales_logo.png,-2,03 Jul 2026 09:17
https://www.wmc.org.uk/en/whats-on/2026/james-acaster,James Acaster,3 – 5 July 2026,Fri 03 Jul – Sun 05 Jul,,2026-07-03,2026-07-05,,"Wales Millenium Centre, Bute Place, Cardiff, CF10 5AL",Wales Millenium Centre,Wales Millenium Centre,CF10 5AL,Cardiff,cff,Wales Millenium Centre  Bute Place  Cardiff  CF10 5AL,performance,"On sale to the public 28 November, 10am",Wales Millenium Centre,https://www.wmc.org.uk,./static/images/wmc_logo.png,0,03 Jul 2026 09:17
https://www.wmc.org.uk/en/whats-on/2026/the-day-the-man-stepped-on-the-moon,The Day The Man Stepped On The Moon,3 July 2026,Fri 03 Jul,,2026-07-03,2026-07-03,,"Wales Millenium Centre, Bute Place, Cardiff, CF10 5AL",Wales Millenium Centre,Wales Millenium Centre,CF10 5AL,Cardiff,cff,Wales Millenium Centre  Bute Place  Cardiff  CF10 5AL,performance,"There is great truth behind the phrase: “That's one small step for man, one giant leap for mankind”. .. and it doesn't only apply to extraordinary situations like space travel. Many small, everyday gestures build beautiful and meaningful daily achievements. We propose a hypothetical journey to 21 July, 1969, when the whole world was watching a great feat. But what was happening down on Earth?...",Wales Millenium Centre,https://www.wmc.org.uk,./static/images/wmc_logo.png,0,03 Jul 2026 09:17
https://museum.wales//bigpit/whatson/12269/Big-Pits-Big-Bash-/,Big Pit's Big Bash  | Museum Wales,"4 July 2026,                     11.30am - 7pm",Sat 04 Jul,,2026-07-04,2026-07-04,,Big Pit National Coal Museum,Blaenavon,Big Pit,NP4 9XP,Torfaen,oth,Big Pit  National Coal Museum  Pontypool NP4 9XP,event,"Join us for a day full of music, food & fun. .. to kick off the summer with a bang!   Th. ..",Museum Wales ,https://museum.wales/,./static/images/museum_wales_logo.png,1,03 Jul 2026 09:17
https://museum.wales//bigpit/whatson/12794/Underground-Tour-FREE-Weekend/,Underground Tour Free Weekend | Museum Wales,"4 & 5 July 2026,                     10am - 3.30pm",Sat 04 Jul & Sun 05 Jul,,2026-07-04,2026-07-05,,Big Pit National Coal Museum,Blaenavon,Big Pit,NP4 9XP,Torfaen,oth,Big Pit  National Coal Museum  Pontypool NP4 9XP,event,Join us for our world famous Underground Tour - for FREE! Travel 300ft with a guide and discover what. ..,Museum Wales ,https://museum.wales/,./static/images/museum_wales_logo.png,1,03 Jul 2026 09:17
https://cadw.gov.wales/lets-discover-medieval-food-0,Let's Discover  ...Medieval Food,Sat 04 Jul                             - Sun 05 Jul 2026,Sat 04 Jul - Sun 05 Jul,,2026-07-04,2026-07-05,,Chepstow Castle,Chepstow,Chepstow Castle,NP16 5EY,Monmouthshire,oth,Chepstow Castle  Bridge St  Chepstow NP16 5EY ,event,"Discover what the medieval residents of Chepstow castle would have eaten day-to-day and around feast days. With a display of ingredients, food and utensils with ‘in progress' preparation of bread dough and spice mix for gingerbread, children will also be able to use fake food to assemble ingredients for the cauldron of pottage and set the table for a noble visitor to the castle. You do not need...",Cadw,https://cadw.gov.wales,./static/images/cadw_logo.png,1,03 Jul 2026 09:17
https://www.cardiffcastle.com/events/bowling-for-soup/,Bowling For Soup + Frank Turner And The Sleeping Souls,04                             Jul                             2026,Sat 04 Jul,,2026-07-04,2026-07-04,,"The Castle Green, Cardiff Castle, Castle Street, Cardiff, CF10 3RB",Cardiff,The Castle Green,CF10 3RB,Cardiff,cff,The Castle Green  Cardiff Castle  Castle Street  Cardiff  CF10 3RB,event,See Bowling For Soup + Frank Turner and the Sleeping Souls perform live at Cardiff Castle on Sat 4 July 2026. Tickets on sale from Fri 28 Nov 2025.,Cardiff Castle,https://www.cardiffcastle.com/ ,./static/images/cardiff_castle_logo.png,1,03 Jul 2026 09:17
https://www.wmc.org.uk/en/whats-on/2026/unity-festival-party,Unity Festival Party,4 July 2026,Sat 04 Jul,,2026-07-04,2026-07-04,,"Wales Millenium Centre, Bute Place, Cardiff, CF10 5AL",Wales Millenium Centre,Wales Millenium Centre,CF10 5AL,Cardiff,cff,Wales Millenium Centre  Bute Place  Cardiff  CF10 5AL,performance,"Our closing night party is an unmissable fixture in the Unity Festival calendar. Join us for a final flourish of funk, feeling and full-throttle fun – a night destined for the Unity history books. Expect electrifying performances from Vaguely Artistic, Hijinx's inclusive explosion of punk, rock, pop, soul, blues and funk, alongside very special guests the Blaumier Band, travelling all the way...",Wales Millenium Centre,https://www.wmc.org.uk,./static/images/wmc_logo.png,1,03 Jul 2026 09:17
https://www.wmc.org.uk/en/whats-on/2026/down-2,Down,4 July 2026,Sat 04 Jul,,2026-07-04,2026-07-04,,"Wales Millenium Centre, Bute Place, Cardiff, CF10 5AL",Wales Millenium Centre,Wales Millenium Centre,CF10 5AL,Cardiff,cff,Wales Millenium Centre  Bute Place  Cardiff  CF10 5AL,performance,"“The strength of love” Through dance theatre, Down tells the story of a mother's fear of giving birth to a daughter with Down's syndrome, and of the daughter's courage in facing the challenges that life throws at her. But Down is not only a story of fear and courage, it is also a love story; a story of patience and listening, set within the intimacy of a home. Inside, hidden vulnerabilities can...",Wales Millenium Centre,https://www.wmc.org.uk,./static/images/wmc_logo.png,1,03 Jul 2026 09:17
https://cadw.gov.wales/barclodiad-y-gawres-guided-tours-0,Barclodiad Y Gawres Guided Tours,Sun 05 Jul 2026,Sun 05 Jul,,2026-07-05,2026-07-05,,Barclodiad y Gawres Chambered Tomb,check event for location info,Cardiff,CF10 3RB,Cardiff,cff,Cardiff CF10 3RB,event,"A chance to investigate this unique and important passage tomb which is not generally open to the public. Find out more about its architecture and enjoy special access to view the ancient decorated stones. Barclodiad-y-Gawres is a partially reconstructed Neolithic burial chamber, famous for its decorated stones. The spectacular, cliff side position of this later Neolithic monument is one of its...",Cadw,https://cadw.gov.wales,./static/images/cadw_logo.png,2,03 Jul 2026 09:17
https://www.wmc.org.uk/en/whats-on/2026/an-american-soundscape,An American Soundscape,5 July 2026,Sun 05 Jul,,2026-07-05,2026-07-05,,"Wales Millenium Centre, Bute Place, Cardiff, CF10 5AL",Wales Millenium Centre,Wales Millenium Centre,CF10 5AL,Cardiff,cff,Wales Millenium Centre  Bute Place  Cardiff  CF10 5AL,performance,"DISTINCTIVE | JUBILANT | INSPIRATIONALCopland Appalachian Spring Christopher Tin Piano Concerto UK premiereWilliam Grant Still Festive OvertureBarber Agnus DeiBernstein Chichester PsalmsWe mark the 250th anniversary of the signing of the document of independence with an all American programme featuring some of the most famous American composers in history, from Copland, Barber and Bernstein to...",Wales Millenium Centre,https://www.wmc.org.uk,./static/images/wmc_logo.png,2,03 Jul 2026 09:17
https://www.wmc.org.uk/en/whats-on/2026/fiji-culture-day,Fiji Culture Day,6 July 2026,Mon 06 Jul,,2026-07-06,2026-07-06,,"Wales Millenium Centre, Bute Place, Cardiff, CF10 5AL",Wales Millenium Centre,Wales Millenium Centre,CF10 5AL,Cardiff,cff,Wales Millenium Centre  Bute Place  Cardiff  CF10 5AL,performance,"Join us at the Wales Millennium Centre on Monday 6th July for a special Fijian Community Social celebrating culture, connection, and the shared spirit between Fiji and Wales following the Wales v Fiji rugby match weekend. While separated by oceans, Fiji and Wales share so much at their core — proud rugby traditions, strong community values, deep family ties, music, storytelling, and a culture of...",Wales Millenium Centre,https://www.wmc.org.uk,./static/images/wmc_logo.png,3,03 Jul 2026 09:17
https://www.wmc.org.uk/en/whats-on/2026/annie,Annie,7 – 18 July 2026,Tue 07 Jul – Sat 18 Jul,,2026-07-07,2026-07-18,,"Wales Millenium Centre, Bute Place, Cardiff, CF10 5AL",Wales Millenium Centre,Wales Millenium Centre,CF10 5AL,Cardiff,cff,Wales Millenium Centre  Bute Place  Cardiff  CF10 5AL,performance,"The smash-hit West End production of Annie, the world's favourite family musical, comes to Cardiff for 2 weeks only, starring Claire Sweeney as Miss Hannigan. Set in 1930s New York, brave young Annie is forced to live a life of misery at Miss Hannigan's orphanage. Her luck soon changes when she's chosen to spend a fairytale Christmas with famous billionaire, Oliver Warbucks. Meanwhile, spiteful...",Wales Millenium Centre,https://www.wmc.org.uk,./static/images/wmc_logo.png,4,03 Jul 2026 09:17
https://www.wmc.org.uk/en/whats-on/2026/dan-costa,Dan Costa,9 July 2026,Thu 09 Jul,,2026-07-09,2026-07-09,,"Wales Millenium Centre, Bute Place, Cardiff, CF10 5AL",Wales Millenium Centre,Wales Millenium Centre,CF10 5AL,Cardiff,cff,Wales Millenium Centre  Bute Place  Cardiff  CF10 5AL,performance,"Dan Costa has recorded with the likes of Ron Carter, John Patitucci, Ivan Lins, Randy Brecker, Mike Stern, Dave Liebman, Roberto Menescal and other legends. Dan Costa's award-winning and critically-acclaimed music reflects his mixed cultural background as well as his appreciation of the natural environment, which has informed his artistic philosophy. A musician, educator and writer, he has...",Wales Millenium Centre,https://www.wmc.org.uk,./static/images/wmc_logo.png,6,03 Jul 2026 09:17
https://museum.wales//cardiff/whatson/12228/-Audio-Described-Tours-at-National-Museum-Cardiff--Sharks-and-other-marine-animals/,Audio Described Tours At National Museum Cardiff | Museum Wales,"9 July 2026,                     1:00pm",Thu 09 Jul,,2026-07-09,2026-07-09,,National Museum Cardiff,Cardiff,National Museum Cardiff,CF10 3NP,Cardiff,cff,National Museum Cardiff  Cardiff CF10 3NP,event,Audio Described Tours at National Museum Cardiff,Museum Wales ,https://museum.wales/,./static/images/museum_wales_logo.png,6,03 Jul 2026 09:17
https://www.cardiffcastle.com/events/billy-ocean/,Billy Ocean,09                             Jul                             2026,Thu 09 Jul,,2026-07-09,2026-07-09,,"The Castle Green, Cardiff Castle, Castle Street, Cardiff, CF10 3RB",Cardiff,The Castle Green,CF10 3RB,Cardiff,cff,The Castle Green  Cardiff Castle  Castle Street  Cardiff  CF10 3RB,event,See Billy Ocean perform live at Cardiff Castle on Thursday 9 July 2026. Tickets on sale from Fri 17 Oct 2025.,Cardiff Castle,https://www.cardiffcastle.com/ ,./static/images/cardiff_castle_logo.png,6,03 Jul 2026 09:17
https://www.wmc.org.uk/en/whats-on/2026/big-band-burlesque,Big Band Burlesque,10 July 2026,Fri 10 Jul,,2026-07-10,2026-07-10,,"Wales Millenium Centre, Bute Place, Cardiff, CF10 5AL",Wales Millenium Centre,Wales Millenium Centre,CF10 5AL,Cardiff,cff,Wales Millenium Centre  Bute Place  Cardiff  CF10 5AL,performance,"Big Band Burlesque is a rich and atmospheric evening of live music and contemporary burlesque, arriving at Wales Millennium Centre in Cardiff for one special night. At its heart is a beautifully seasoned three-piece band, creating a vibrant, expressive soundtrack that lifts and carries each performance. Fresh from a hugely successful run at the Australian Fringe Festivals, award-winning cabaret...",Wales Millenium Centre,https://www.wmc.org.uk,./static/images/wmc_logo.png,7,03 Jul 2026 09:17
https://www.rctcbc.gov.uk//EN/Events/Archive/2026/July/RhonddaArtsFestival.aspx,Rhondda Arts Festival,Friday 10 - Sunday 12 July 2026,Fri 10 Jul - Sun 12 Jul,,2026-07-10,2026-07-12,,Treorchy,Treorchy,Treorchy,CF42 6AH,Rhondda Cynon Taf,rct,Treorchy  CF42 6AH,event,"Rhondda Cynon Taf County Borough Council is proud to support the return of the Rhondda Arts Festival (RAFT), taking place in Treorchy from 10–12 July 2026. Through grant funding and the provision of key community venues including the Park & Dare Theatre and Treorchy Library, the Council is helping to bring a vibrant weekend of creativity, culture and community activity to the Rhondda. Recognised...",Rhondda Cynon Taf,https://www.rctcbc.gov.uk/,./static/images/rct_logo.png,7,03 Jul 2026 09:17
https://www.cardiffcastle.com/events/bastille/,Bastille,10                             Jul                             2026,Fri 10 Jul,,2026-07-10,2026-07-10,,"The Castle Green, Cardiff Castle, Castle Street, Cardiff, CF10 3RB",Cardiff,The Castle Green,CF10 3RB,Cardiff,cff,The Castle Green  Cardiff Castle  Castle Street  Cardiff  CF10 3RB,event,See Bastille perform live at Cardiff Castle on Friday 10 July 2026. Tickets on sale from Fri 28 Nov 2025.,Cardiff Castle,https://www.cardiffcastle.com/ ,./static/images/cardiff_castle_logo.png,7,03 Jul 2026 09:17
https://www.visitthevale.com/events/cadstock-2026,Cadstock 2026,"July 11, 2026/July 12, 2026",Sat 11 Jul - Sun 12 Jul,,2026-07-11,2026-07-12,,"Victoria Park, Cadoxton, Barry, CF63 2JS",Barry,Victoria Park,CF63 2JS,Vale of Glamorgan,vog,Victoria Park  Cadoxton  Barry  CF63 2JS,event,"CADSTOCKERS! The biggest, brightest, and loudest weekend of the summer is officially locked in! ! Its a date for your musical diaries, as Cadstock Music Festival returns to Victoria Park, Barry on Saturday 11 and Sunday 12 July 2026.    Keep up with all the festival announcements here.",Visit the Vale,https://www.visitthevale.com,./static/images/visit_the_vale_logo.png,8,03 Jul 2026 09:17
https://www.visitthevale.com/events/penarth-summer-festival,Penarth Summer Festival,"July 11, 2026/July 11, 2026",Sat 11 Jul,,2026-07-11,2026-07-11,,"The Kymin, Beach Rd, Penarth, CF64 1JX",Cardiff,The Kymin,CF64 1JX,Vale of Glamorgan,vog,The Kymin  Beach Rd  Penarth  CF64 1JX,event,"Penarth's annual summer festival returns to The Kymin for a full day of live music on Saturday 11 July, with performance, food, family activities and community celebrations, overlooking the Bristol Channel. A much-loved highlight of the town's cultural calendar, continuing a tradition of summer gatherings in Penarth stretching back to the 1960s. A free event from midday to 8pm.    ‍ ‍",Visit the Vale,https://www.visitthevale.com,./static/images/visit_the_vale_logo.png,8,03 Jul 2026 09:17
https://www.wmc.org.uk/en/whats-on/2026/shelly-ann,Shelly Ann,11 July 2026,Sat 11 Jul,,2026-07-11,2026-07-11,,"Wales Millenium Centre, Bute Place, Cardiff, CF10 5AL",Wales Millenium Centre,Wales Millenium Centre,CF10 5AL,Cardiff,cff,Wales Millenium Centre  Bute Place  Cardiff  CF10 5AL,performance,"Shellyann is a singer-songwriter from Rhondda Cynon Taf, whose powerful voice blends country with pop powerhouse vocals. A BBC Radio Wales, Welsh A-Lister, she first gained national attention on The Voice UK before going on to win the BBC hit show All Together Now in 2019. A huge country music fan and occasional presenter on the Country Show on BBC Radio Wales, Shellyann's sound has been compared...",Wales Millenium Centre,https://www.wmc.org.uk,./static/images/wmc_logo.png,8,03 Jul 2026 09:17
https://museum.wales//stfagans/whatson/12265/Celebration-of-Nature/,Celebration Of Nature | Museum Wales,"11 July 2026,                     10am - 4pm",Sat 11 Jul,,2026-07-11,2026-07-11,,St Fagans National Museum of History,St. Fagans,St. Fagans,CF5 6XB,Cardiff,cff,St. Fagans  National Museum of History  Cardiff CF5 6XB,event,Join us as we celebrate the wealth of nature in Wales at St Fagans National Museum of History. We&rsq. ..,Museum Wales ,https://museum.wales/,./static/images/museum_wales_logo.png,8,03 Jul 2026 09:17
https://cadw.gov.wales/community-archaeology-open-day,Community Archaeology Open Day,Sat 11 Jul 2026,Sat 11 Jul,,2026-07-11,2026-07-11,,Strata Florida Abbey,check event for location info,Cardiff,CF10 3RB,Cardiff,cff,Cardiff CF10 3RB,event,"Every summer, during our Archaeology Field school, which takes place between mid-June and mid-July, we hold an Archaeology Open Day, where you can come along for tours of the dig, led by our archaeologists, and get some hands on finds cleaning experience and also enjoy a cuppa and a cake too!  Free – donations to Strata Florida Trust welcomed.",Cadw,https://cadw.gov.wales,./static/images/cadw_logo.png,8,03 Jul 2026 09:17
https://www.cardiffcastle.com/events/david-gray/,David Gray,11                             Jul                             2026,Sat 11 Jul,,2026-07-11,2026-07-11,,"The Castle Green, Cardiff Castle, Castle Street, Cardiff, CF10 3RB",Cardiff,The Castle Green,CF10 3RB,Cardiff,cff,The Castle Green  Cardiff Castle  Castle Street  Cardiff  CF10 3RB,event,See David Gray plus The Divine Comedy live at Cardiff Castle on Saturday 11 July 2026. Tickets on sale from Fri 5 Sep 2025.,Cardiff Castle,https://www.cardiffcastle.com/ ,./static/images/cardiff_castle_logo.png,8,03 Jul 2026 09:17
https://cadw.gov.wales/national-roman-legion-museum-walking-romans,National Roman Legion Museum - Walking With Romans,Mon 13 Jul 2026,Mon 13 Jul,,2026-07-13,2026-07-13,,Caerleon Roman Amphitheatre,check event for location info,Cardiff,CF10 3RB,Cardiff,cff,Cardiff CF10 3RB,event,"National Roman Legion Museum - Walking with RomansStarting and ending at the National Roman Legion Museum, explore Isca's stunning amphitheatre and barracks with your own Roman guide for free! Immerse yourself in real Roman ruins! March in the amphitheatre like Roman soldiers did nearly 2000 years ago. Stand in the barracks where the soldiers of Isca ate, drank, and slept!",Cadw,https://cadw.gov.wales,./static/images/cadw_logo.png,10,03 Jul 2026 09:17
https://museum.wales//roman/whatson/12917/Walking-with-Romans/,Walking With Romans | Museum Wales,"13 July, 13 &  27 August 2026","13 Jul, 13 & 27 Aug",,2026-07-13,2026-08-27,,National Roman Legion Museum,Caerleon,National Roman Legion Museum,NP18 1AE,Newport,oth,National Roman Legion Museum  High St  Caerleon  Newport NP18 1AE,event,"Discover and ExploreStarting and ending at the National Roman Legion Museum, explore Isca’s st. ..",Museum Wales ,https://museum.wales/,./static/images/museum_wales_logo.png,10,03 Jul 2026 09:17
https://museum.wales//cardiff/whatson/12962/Behind-the-Scenes-Archaeological-Illustration/,Behind The Scenes: Archaeological Illustration | Museum Wales,"14 July 2026,                     2pm",Tue 14 Jul,,2026-07-14,2026-07-14,,National Museum Cardiff,Cardiff,National Museum Cardiff,CF10 3NP,Cardiff,cff,National Museum Cardiff  Cardiff CF10 3NP,event,"Archaeologists use illustration for a variety of purposes: to document and record, to organise and u. ..",Museum Wales ,https://museum.wales/,./static/images/museum_wales_logo.png,11,03 Jul 2026 09:17
https://museum.wales//swansea/whatson/10716/Teddy-Bears-Picnic/,Teddy Bear's Picnic | Museum Wales,"15 July 2026,                     10:00am - 2:30pm",Wed 15 Jul,,2026-07-15,2026-07-15,,National Waterfront Museum,Swansea,National Waterfront Museum,SA1 3RD ,Swansea,swa,National Waterfront Museum  Oystermouth Rd  Maritime Quarter  Swansea SA1 3RD ,event,If you go down the Museum today you’re sure for a big surprise…Join us for a fantastic . ..,Museum Wales ,https://museum.wales/,./static/images/museum_wales_logo.png,12,03 Jul 2026 09:17
https://www.cardiffcastle.com/events/richard-ashcroft/,Richard Ashcroft,16                             Jul                             2026,Thu 16 Jul,,2026-07-16,2026-07-16,,"The Castle Green, Cardiff Castle, Castle Street, Cardiff, CF10 3RB",Cardiff,The Castle Green,CF10 3RB,Cardiff,cff,The Castle Green  Cardiff Castle  Castle Street  Cardiff  CF10 3RB,event,See Richard Ashcroft perform live at Cardiff Castle on Thursday 16 July 2026. Tickets on sale from Fri 28 Nov 2025.,Cardiff Castle,https://www.cardiffcastle.com/ ,./static/images/cardiff_castle_logo.png,13,03 Jul 2026 09:17
https://www.wmc.org.uk/en/whats-on/2026/cowboys-comedy-2,Cowboys Comedy,17 July 2026,Fri 17 Jul,,2026-07-17,2026-07-17,,"Wales Millenium Centre, Bute Place, Cardiff, CF10 5AL",Wales Millenium Centre,Wales Millenium Centre,CF10 5AL,Cardiff,cff,Wales Millenium Centre  Bute Place  Cardiff  CF10 5AL,performance,"Cardiff's wildest comedy night is BACK. The sold-out Wild West comedy cabaret returns for a rootin'-tootin' night of chaos in the saloon. Expect gut-busting stand-up, sassy burlesque and fabulous drag in a no-rules, high-energy Wild West cabaret. Hosted by bad-boy sheriff Cowboy Joe, Cowboys Comedy! is a high-energy, anything-goes night for outlaws, weirdos, and cowpokes who like their comedy a...",Wales Millenium Centre,https://www.wmc.org.uk,./static/images/wmc_logo.png,14,03 Jul 2026 09:17
https://museum.wales//roman/whatson/12523/Dementia-friendly-activity-Roman-gardens-and-herbs/,Dementia Friendly Activity: Roman Gardens And Herbs | Museum Wales,"17 July 2026,                     11am-1pm",Fri 17 Jul,,2026-07-17,2026-07-17,,National Roman Legion Museum,Caerleon,National Roman Legion Museum,NP18 1AE,Newport,oth,National Roman Legion Museum  High St  Caerleon  Newport NP18 1AE,event,Come and join us at the National Roman Legion Museum to find out more about what the Romans grew in . ..,Museum Wales ,https://museum.wales/,./static/images/museum_wales_logo.png,14,03 Jul 2026 09:17
https://www.cardiffcastle.com/events/sammy-virji/,Shangri-La: Sammy Virji,18                             Jul                             2026,Sat 18 Jul,,2026-07-18,2026-07-18,,"The Castle Green, Cardiff Castle, Castle Street, Cardiff, CF10 3RB",Cardiff,The Castle Green,CF10 3RB,Cardiff,cff,The Castle Green  Cardiff Castle  Castle Street  Cardiff  CF10 3RB,event,"See Sammy Virji perform live at Cardiff Castle on Sat, 18 July 2026.",Cardiff Castle,https://www.cardiffcastle.com/ ,./static/images/cardiff_castle_logo.png,15,03 Jul 2026 09:17
https://museum.wales//stfagans/whatson/10636/Traditional-Fairground/,Traditional Fairground | Museum Wales,From 18 July 2026,Sat 18 Jul,,2026-07-18,2026-07-18,,St Fagans National Museum of History,St. Fagans,St. Fagans,CF5 6XB,Cardiff,cff,St. Fagans  National Museum of History  Cardiff CF5 6XB,event,Visit our Traditional Fairground and experience the magic of a bygone era - a ch. ..,Museum Wales ,https://museum.wales/,./static/images/museum_wales_logo.png,15,03 Jul 2026 09:17
https://museum.wales//roman/whatson/12843/Amphitheatre-and-Dig-Pit-Activity/,Amphitheatre And Dig Pit Activity | Museum Wales,"18, 24–25 &  31 July 2026,                     10:00 - 12:00 and 13:00 - 16:00","18, 24 – 25 & 31 Jul, ",,2026-07-18,2026-07-31,,National Roman Legion Museum,Caerleon,National Roman Legion Museum,NP18 1AE,Newport,oth,National Roman Legion Museum  High St  Caerleon  Newport NP18 1AE,event,It’s 100 years since Caerleon's Amphitheatre was unearthed - Britain's only fully excavated Am. ..,Museum Wales ,https://museum.wales/,./static/images/museum_wales_logo.png,15,03 Jul 2026 09:17
https://cadw.gov.wales/brother-thomas-cellarer-1,Brother Thomas The Cellarer,Sat 18 Jul 2026,Sat 18 Jul,,2026-07-18,2026-07-18,,Tintern Abbey,Tintern,Tintern Abbey,NP16 6SE,Monmouthshire,oth,Tintern Abbey  Tintern NP16 6SE ,event,"Step back in time with Brother Thomas and learn what life was like as a monk in Tintern Abbey.  Our sympathetic brother will give you inside information about the monks' rituals and responsibilities. As the cellarer of Tintern Abbey, Brother Thomas (a Cistercian monk) will be able to tell you all there is to know (and perhaps some things you shouldn't know! ) about the workings of the abbey, his...",Cadw,https://cadw.gov.wales,./static/images/cadw_logo.png,15,03 Jul 2026 09:17
https://www.wmc.org.uk/en/whats-on/2026/stephanie-webber,Steph Webber - Glittering Nights,18 July 2026,Sat 18 Jul,,2026-07-18,2026-07-18,,"Wales Millenium Centre, Bute Place, Cardiff, CF10 5AL",Wales Millenium Centre,Wales Millenium Centre,CF10 5AL,Cardiff,cff,Wales Millenium Centre  Bute Place  Cardiff  CF10 5AL,performance,"Join Ebbw Vale-born singer Steph Webber for an evening of music, storytelling, and sparkle in the intimate cabaret lounge at Cardiff Bay WMC. A graduate of the Arden School of Theatre, Steph has built a successful international career performing on stages across the world, including headlining on luxury cruise liners with her own shows. Many will recognise her from The Voice UK, where she...",Wales Millenium Centre,https://www.wmc.org.uk,./static/images/wmc_logo.png,15,03 Jul 2026 09:17
https://cadw.gov.wales/castell-oxwich-guided-tours-0,Castell Oxwich Guided Tours,Sat 18 Jul 2026,Sat 18 Jul,,2026-07-18,2026-07-18,,Castell Oxwich,Swansea,Castell Oxwich,SA3 1LT,Swansea,swa,Castell Oxwich  SA3 1LT,event,"Gower is a marvel. Heritage buffs and beach bums alike love this beautiful peninsula.  In years gone by, the wealthy built wherever the view suited. The Mansel family chose a lovely spot on a wooded headland above Oxwich Bay to build their dream home.",Cadw,https://cadw.gov.wales,./static/images/cadw_logo.png,15,03 Jul 2026 09:17
https://cadw.gov.wales/bryn-celli-ddu-guided-tours,Bryn Celli Ddu Guided Tours,Sat 18 Jul 2026,Sat 18 Jul,,2026-07-18,2026-07-18,,Bryn Celli Ddu Chambered Tomb,check event for location info,Cardiff,CF10 3RB,Cardiff,cff,Cardiff CF10 3RB,event,"Known as one of the most evocative archaeological sites in Britain, the 5,000-year-old monument was once constructed to protect and pay respect to the remains of ancestors. Tours are available at the following times:11. 0014. 00and will last approx. one hour. Please book tickets online in advance (it's not possible to purchase tickets on arrival).",Cadw,https://cadw.gov.wales,./static/images/cadw_logo.png,15,03 Jul 2026 09:17
https://cadw.gov.wales/introduction-to-bookbinding-workshop,Introduction To Bookbinding Workshop,Sat 18 Jul 2026,Sat 18 Jul,,2026-07-18,2026-07-18,,Chepstow Castle,Chepstow,Chepstow Castle,NP16 5EY,Monmouthshire,oth,Chepstow Castle  Bridge St  Chepstow NP16 5EY ,event,"Join experienced book binder Kate Thomas in this introduction to bookbinding workshop. Participants will be taught how to fold and bind a basic book using traditional and contemporary tools, and create an A5 paperback notebook to take home! The session will last 60-90 minutes, with all tools and materials provided. No experience necessary.",Cadw,https://cadw.gov.wales,./static/images/cadw_logo.png,15,03 Jul 2026 09:17
https://cadw.gov.wales/strata-florida-guided-tours,Strata Florida Guided Tours,Sat 18 Jul 2026,Sat 18 Jul,,2026-07-18,2026-07-18,,Strata Florida Abbey,check event for location info,Cardiff,CF10 3RB,Cardiff,cff,Cardiff CF10 3RB,event,"The guided tours, in English and in Welsh, are led by one of our knowledgeable staff who will tell you about the history of the Abbey, the Princes of Deheubarth, the lives of the Cistercian monks, its dissolution and the beginnings of Mynachlog Fawr Farmhouse, and the history and impact of the nearby Abbey Consols lead mine.  Wednesday 20 May, 2pm - Welsh Saturday 13 June, 11am- English Saturday...",Cadw,https://cadw.gov.wales,./static/images/cadw_logo.png,15,03 Jul 2026 09:17
https://cadw.gov.wales/tudor-hat-workshop,Tudor Hat Workshop,Sat 18 Jul 2026,Sat 18 Jul,,2026-07-18,2026-07-18,,Plas Mawr,Cardiff,Plas Mawr,CF5 3JW,Cardiff,cff,Plas Mawr  CF5 3JW,course,"Come to our creative workshop, and make and decorate your own Tudor hat in atmospheric surroundings, all whilst enjoying a glass of something bubbly. Booking required - either online via the Cadw website on in person at the site.",Cadw,https://cadw.gov.wales,./static/images/cadw_logo.png,15,03 Jul 2026 09:17
https://www.wmc.org.uk/en/whats-on/2026/showgirls-and-sharks,Showgirls And Sharks,19 July 2026,Sun 19 Jul,,2026-07-19,2026-07-19,,"Wales Millenium Centre, Bute Place, Cardiff, CF10 5AL",Wales Millenium Centre,Wales Millenium Centre,CF10 5AL,Cardiff,cff,Wales Millenium Centre  Bute Place  Cardiff  CF10 5AL,performance,"Showgirls & Sharks: A madcap musical autobiography. The true story of how a young girl ran away with the circus and became a Welsh Burlesque legend!   Showgirls & Sharks follows fearless showgirl “FooFoo LaBelle” through an incredible musical re-telling of her life's story.   Accompanied by musical Maestro Jenna Dyckhoff, the all-singing, all-dancing duo expose the secrets of a globe-trotting...",Wales Millenium Centre,https://www.wmc.org.uk,./static/images/wmc_logo.png,16,03 Jul 2026 09:17
https://museum.wales//roman/whatson/11121/Meet-a-Roman-Soldier/,Meet A Roman Soldier | Museum Wales,"19, 21, 23, 26, 28, 30 July &  2 August 2026,                     11am-1pm & 2pm-4pm","19, 21, 23, 26, 28, 30 Jul & 2 Aug",,2026-07-19,2026-08-02,,National Roman Legion Museum,Caerleon,National Roman Legion Museum,NP18 1AE,Newport,oth,National Roman Legion Museum  High St  Caerleon  Newport NP18 1AE,event,Chat to our Roman soldier and find out more about the life of a Roman soldier in Isca!  Meet our. ..,Museum Wales ,https://museum.wales/,./static/images/museum_wales_logo.png,16,03 Jul 2026 09:17
https://museum.wales//bigpit/whatson/12905/More-to-Life-Than-Work---Football-/,More To Life Than Work - Football  | Museum Wales,"20 & 21 July 2026,                     11am - 3pm",Mon 20 Jul & Tue 21 Jul,,2026-07-20,2026-07-21,,Big Pit National Coal Museum,Blaenavon,Big Pit,NP4 9XP,Torfaen,oth,Big Pit  National Coal Museum  Pontypool NP4 9XP,event,"There's more to life than work! Explore the hobbies, past-times and sports of mining communities in o. ..",Museum Wales ,https://museum.wales/,./static/images/museum_wales_logo.png,17,03 Jul 2026 09:17
https://museum.wales//roman/whatson/11955/Gladiators/,Gladiators | Museum Wales,"20, 22, 27, 29 July, 10, 12, 17, 19, 24, 26 &  31 August 2026,                     10.30am-11.30am 11.30am -12.30pm 1.30pm-2.30pm 2.30pm-3.30pm","20, 22, 27, 29 Jul, 10, 12, 17, 19, 24, 26 & 31 Aug",,2026-07-20,2026-08-31,,National Roman Legion Museum,Caerleon,National Roman Legion Museum,NP18 1AE,Newport,oth,National Roman Legion Museum  High St  Caerleon  Newport NP18 1AE,event,2000 years ago Gladiators were some of the biggest sports stars in the Roman Empire.   They were. ..,Museum Wales ,https://museum.wales/,./static/images/museum_wales_logo.png,17,03 Jul 2026 09:17
https://museum.wales//bigpit/whatson/12969/Butty-Bear/,Butty Bear | Museum Wales,"20–21, 27–28 July, 3–4, 10–11, 17–18 &  24–25 August 2026","20 – 21, 27 – 28 Jul, 3 – 4, 10 – 11, 17 – 18 & 24 – 25 Aug",,2026-07-20,2026-08-25,,Big Pit National Coal Museum,Blaenavon,Big Pit,NP4 9XP,Torfaen,oth,Big Pit  National Coal Museum  Pontypool NP4 9XP,event,"Butty, the coolest bear in Blaenafon, will be 'chilling' with us throughout the Summer at Big Pit, s. ..",Museum Wales ,https://museum.wales/,./static/images/museum_wales_logo.png,17,03 Jul 2026 09:17
https://museum.wales//swansea/whatson/12941/Hear-a-Story-Make-a-Map/,Hear A Story Make A Map | Museum Wales,"20–21 July &  17–18 August 2026,                     12pm & 2pm",20 – 21 Jul & 17 – 18 Aug,,2026-07-20,2026-08-18,,National Waterfront Museum,Swansea,National Waterfront Museum,SA1 3RD ,Swansea,swa,National Waterfront Museum  Oystermouth Rd  Maritime Quarter  Swansea SA1 3RD ,event,"Inspired by our new Ann Francis Treasure Trove display, this workshop will be packed with adventure. .. .",Museum Wales ,https://museum.wales/,./static/images/museum_wales_logo.png,17,03 Jul 2026 09:17
https://www.wmc.org.uk/en/whats-on/2026/the-bodyguard,The Bodyguard,20 - 25 July 2026,Mon 20 Jul - Sat 25 Jul,,2026-07-20,2026-07-25,,"Wales Millenium Centre, Bute Place, Cardiff, CF10 5AL",Wales Millenium Centre,Wales Millenium Centre,CF10 5AL,Cardiff,cff,Wales Millenium Centre  Bute Place  Cardiff  CF10 5AL,performance,"The international, award-winning smash-hit musical The Bodyguard is back! Starring international leading actor Sidonie Smith* (Sister Act, Chicago, Jesus Christ Superstar) as Rachel Marron, Adam Garcia (Chitty Chitty Bang Bang, Wicked, Coyote Ugly) as Frank Farmer, and Matt Milburn (Coronation Street, Hollyoaks) as Sy Spector.",Wales Millenium Centre,https://www.wmc.org.uk,./static/images/wmc_logo.png,17,03 Jul 2026 09:17
https://cadw.gov.wales/search-caesars,Search For The Caesars,Tue 21 Jul                             - Sun 30 Aug 2026,Tue 21 Jul - Sun 30 Aug,,2026-07-21,2026-08-30,,Caerleon Roman Baths,Caerleon,Caerleon Roman Baths,NP18 1AE,Newport,oth,Caerleon Roman Baths  NP18 1AE,event,"Join us at the Baths to find the Roman Caesars hiding here. They've been at the Baths for nearly 2000 years, so you'll have to work hard to figure out where they're hidden! You do not need to book tickets for this event.",Cadw,https://cadw.gov.wales,./static/images/cadw_logo.png,18,03 Jul 2026 09:17
https://cadw.gov.wales/lets-discover-medieval-weapons-0,Let's Discover… Medieval Weapons,Tue 21 Jul 2026,Tue 21 Jul,,2026-07-21,2026-07-21,,Chepstow Castle,Chepstow,Chepstow Castle,NP16 5EY,Monmouthshire,oth,Chepstow Castle  Bridge St  Chepstow NP16 5EY ,event,"Come and be entertained by our resident knight, and get a close-up look at medieval weaponry.  Talks and demonstrations throughout the day. Everything you wanted to know but were too afraid to ask! You do not need to book tickets for this event.",Cadw,https://cadw.gov.wales,./static/images/cadw_logo.png,18,03 Jul 2026 09:17
https://museum.wales//cardiff/whatson/12934/Helios/,Helios | Museum Wales,21 July–31 August 2026,Tue 21 Jul – Mon 31 Aug,,2026-07-21,2026-08-31,,National Museum Cardiff,Cardiff,National Museum Cardiff,CF10 3NP,Cardiff,cff,National Museum Cardiff  Cardiff CF10 3NP,event,Meet Helios. An amazing seven‑metre‑wide artwork by UK artist Luke Jerram that brings th. ..,Museum Wales ,https://museum.wales/,./static/images/museum_wales_logo.png,18,03 Jul 2026 09:17
https://cadw.gov.wales/summer-make-and-take,Summer Make And Take,Wed 22 Jul 2026,Wed 22 Jul,,2026-07-22,2026-07-22,,Chepstow Castle,Chepstow,Chepstow Castle,NP16 5EY,Monmouthshire,oth,Chepstow Castle  Bridge St  Chepstow NP16 5EY ,course,Get crafty at Chepstow Castle during the summer holidays!  Children can make something to play with in the castle and then take home. Drop-in sessions every Wednesday during the school summer holidays.  No need to book.,Cadw,https://cadw.gov.wales,./static/images/cadw_logo.png,19,03 Jul 2026 09:17
https://www.wmc.org.uk/en/whats-on/2026/evolver,Evolver,23 July - 30 August 2026,Thu 23 Jul - Sun 30 Aug,,2026-07-23,2026-08-30,,"Wales Millenium Centre, Bute Place, Cardiff, CF10 5AL",Wales Millenium Centre,Wales Millenium Centre,CF10 5AL,Cardiff,cff,Wales Millenium Centre  Bute Place  Cardiff  CF10 5AL,performance,"Evolver takes you on a journey through the processes that sustain all life, as air travels from the mouth into the lungs, whirling like a tornado, before circulating around the complex rivers and tributaries of our cardiovascular system.   This collective virtual reality experience drops audiences deep inside the landscape of the body, following the flow of oxygen through humans' branching...",Wales Millenium Centre,https://www.wmc.org.uk,./static/images/wmc_logo.png,20,03 Jul 2026 09:17
https://museum.wales//swansea/whatson/12250/Cardboard-Big-Build-/,Cardboard Big Build  | Museum Wales,"23, 30 July &  6 August 2026,                     11.30pm & 1.30pm","23, 30 Jul & 6 Aug",,2026-07-23,2026-08-06,,National Waterfront Museum,Swansea,National Waterfront Museum,SA1 3RD ,Swansea,swa,National Waterfront Museum  Oystermouth Rd  Maritime Quarter  Swansea SA1 3RD ,event,Join us for these fun sessions to turn cardboard boxes into cool creations! This workshop will use Ma. ..,Museum Wales ,https://museum.wales/,./static/images/museum_wales_logo.png,20,03 Jul 2026 09:17
https://www.wmc.org.uk/en/whats-on/2026/glenda-and-rita,Glenda & Rita,24 July 2026,Fri 24 Jul,,2026-07-24,2026-07-24,,"Wales Millenium Centre, Bute Place, Cardiff, CF10 5AL",Wales Millenium Centre,Wales Millenium Centre,CF10 5AL,Cardiff,cff,Wales Millenium Centre  Bute Place  Cardiff  CF10 5AL,performance,"Glenda & Rita are two actresses from the Golden Era of cinema, immortalised in black & white and struggling to find work in this brutal, unforgiving technicolour world. The Silver Starlets will take you on a musical journey, as they sing the hits from their favourite movies throughout the decades, from ‘A Star Is Born', to ‘Spice World'. This cinematic romp from Brighton's Drag Idol Finalists is...",Wales Millenium Centre,https://www.wmc.org.uk,./static/images/wmc_logo.png,21,03 Jul 2026 09:17
https://museum.wales//cardiff/whatson/12929/Sunset-Yoga/,Sunset Yoga | Museum Wales,"24 July–28 August 2026,                     6pm",Fri 24 Jul – Fri 28 Aug,,2026-07-24,2026-08-28,,National Museum Cardiff,Cardiff,National Museum Cardiff,CF10 3NP,Cardiff,cff,National Museum Cardiff  Cardiff CF10 3NP,course,"This summer, take a moment to pause and wind down in a very special yoga session, beneath the majest. ..",Museum Wales ,https://museum.wales/,./static/images/museum_wales_logo.png,21,03 Jul 2026 09:17
https://www.cardiffcastle.com/events/self-esteem/,Self Esteem,24                             Jul                             2026,Fri 24 Jul,,2026-07-24,2026-07-24,,"The Castle Green, Cardiff Castle, Castle Street, Cardiff, CF10 3RB",Cardiff,The Castle Green,CF10 3RB,Cardiff,cff,The Castle Green  Cardiff Castle  Castle Street  Cardiff  CF10 3RB,event,See Self Esteem perform live at Cardiff Castle on Friday 24 July 2026. Tickets on sale from Fri 5 Dec 2025.,Cardiff Castle,https://www.cardiffcastle.com/ ,./static/images/cardiff_castle_logo.png,21,03 Jul 2026 09:17
https://museum.wales//stfagans/whatson/12927/South-Wales-Makers-Market-at-St-Fagans/,South Wales Makers Market At St Fagans | Museum Wales,"24–30 July 2026,                     10am - 5pm",Fri 24 Jul – Thu 30 Jul - Tue 18 Aug,,2026-07-24,2026-07-30,,St Fagans National Museum of History,St. Fagans,St. Fagans,CF5 6XB,Cardiff,cff,St. Fagans  National Museum of History  Cardiff CF5 6XB,event,South Wales Makers' Market showcases some exceptional local Welsh crafting talent. Stalls are varied. ..,Museum Wales ,https://museum.wales/,./static/images/museum_wales_logo.png,21,03 Jul 2026 09:17
https://www.visitthevale.com/events/glastonbarry-2026,Glastonbarry 2026,"July 25, 2026/July 26, 2026",Sat 25 Jul - Sun 26 Jul,,2026-07-25,2026-07-26,,"Romilly Park, Barry, CF62 6RN",Barry,Romilly Park,CF62 6RN,Vale of Glamorgan,vog,Romilly Park  Barry  CF62 6RN,event,"GlastonBARRY live music tribute festival returns to Romilly Park, Barry this July! 22 Amazing Acts on 2 stages over 2 days. Saturday 25 and Sunday 26 July - 11am to 9pm both days. 18+ Buy your tickets here",Visit the Vale,https://www.visitthevale.com,./static/images/visit_the_vale_logo.png,22,03 Jul 2026 09:17
https://www.wmc.org.uk/en/whats-on/2026/the-rat-pack-las-vegas-live,The Rat Pack Las Vegas Live!,25 July 2026,Sat 25 Jul,,2026-07-25,2026-07-25,,"Wales Millenium Centre, Bute Place, Cardiff, CF10 5AL",Wales Millenium Centre,Wales Millenium Centre,CF10 5AL,Cardiff,cff,Wales Millenium Centre  Bute Place  Cardiff  CF10 5AL,performance,"The Official UK No: 1 Tribute show as voted by The Agents Association of Great Britain for three years running, comes to Wales Millennium Centre direct From London's Leicester Square Theatre, The 02 and a Royal Command Performance. The acclaimed David Alacey (Lovejoy & Inspector Alleyn) stars as Frank Sinatra alongside West End Favourite Tim Harwood as Dean Martin. They are joined by hit BBC show...",Wales Millenium Centre,https://www.wmc.org.uk,./static/images/wmc_logo.png,22,03 Jul 2026 09:17
https://cadw.gov.wales/sex-and-tudors-0,Sex And The Tudors,Sat 25 Jul 2026,Sat 25 Jul,,2026-07-25,2026-07-25,,Plas Mawr,Cardiff,Plas Mawr,CF5 3JW,Cardiff,cff,Plas Mawr  CF5 3JW,event,"An historic delve into the private lives of the Tudors.            Enjoy a rip-roaring tumble through the sexual exploits of the Tudors! An educational lecture given by historian Lesley Smith.     Doors open at 6. 30pm, with a complimentary drink on arrival. Performance begins at  7. 00pm, and event ends at 8. 30pm.       Strictly adults only.",Cadw,https://cadw.gov.wales,./static/images/cadw_logo.png,22,03 Jul 2026 09:17
https://cadw.gov.wales/castell-cilgerran-guided-tours,Castell Cilgerran Guided Tours,Sat 25 Jul 2026,Sat 25 Jul,,2026-07-25,2026-07-25,,Castell Cilgerran,check event for location info,Cardiff,CF10 3RB,Cardiff,cff,Cardiff CF10 3RB,event,"Spend an hour or so in the company of the Cilgerran History Man. Do you love your history? Did you hate it at school but now wish you knew a bit more about who was doing what and when? Well, join us at Cilgerran Castle for a day spent with someone who loves history as much as Cadw does.",Cadw,https://cadw.gov.wales,./static/images/cadw_logo.png,22,03 Jul 2026 09:17
https://museum.wales//swansea/whatson/12944/Make-and-Take--Time-Capsules-/,Make And Take – Time Capsules  | Museum Wales,"25–26 July &  1–2 August 2026,                     12.30pm - 3.30pm",25 – 26 Jul & 1 – 2 Aug,,2026-07-25,2026-08-02,,National Waterfront Museum,Swansea,National Waterfront Museum,SA1 3RD ,Swansea,swa,National Waterfront Museum  Oystermouth Rd  Maritime Quarter  Swansea SA1 3RD ,event,"Inspired by our exciting new Ann Francis treasure hoard display, drop in to make your own sealed tim. ..",Museum Wales ,https://museum.wales/,./static/images/museum_wales_logo.png,22,03 Jul 2026 09:17
https://cadw.gov.wales/musica-peregrina-pilgrimage-music-medieval-europe,Musica Peregrina: Pilgrimage Music In Medieval Europe,Sat 25 Jul 2026,Sat 25 Jul,,2026-07-25,2026-07-25,,Chepstow Castle,Chepstow,Chepstow Castle,NP16 5EY,Monmouthshire,oth,Chepstow Castle  Bridge St  Chepstow NP16 5EY ,event,"Step back in time and experience the magical melodies of the medieval era with musicians Marco Cannavo, Steve Tyler and Ricardo De Noronha. Showcasing their collection of authentic musical instruments including Hurdy Gurdy, Harp and Percussion, the trio will perform at 11am, 1pm and 3pm and be available for visitors throughout the day to discuss and demonstrate medieval music.",Cadw,https://cadw.gov.wales,./static/images/cadw_logo.png,22,03 Jul 2026 09:17
https://museum.wales//swansea/whatson/12621/Meet-the-Bees/,Meet The Bees | Museum Wales,"25 July, 11, 18 &  29 August 2026,                     11am & 2pm","25 Jul, 11, 18 & 29 Aug",,2026-07-25,2026-08-29,,National Waterfront Museum,Swansea,National Waterfront Museum,SA1 3RD ,Swansea,swa,National Waterfront Museum  Oystermouth Rd  Maritime Quarter  Swansea SA1 3RD ,event,"Have you ever wondered what happens inside a beehive? What do bees do, and why are they so special? . ..",Museum Wales ,https://museum.wales/,./static/images/museum_wales_logo.png,22,03 Jul 2026 09:17
https://www.cardiffcastle.com/events/depot-in-the-castle/,Depot In The Castle: The Wombats,25                             Jul                             2026,Sat 25 Jul,,2026-07-25,2026-07-25,,"The Castle Green, Cardiff Castle, Castle Street, Cardiff, CF10 3RB",Cardiff,The Castle Green,CF10 3RB,Cardiff,cff,The Castle Green  Cardiff Castle  Castle Street  Cardiff  CF10 3RB,event,"DEPOT in the Castle returns to Cardiff Castle on Saturday 25 July 2026, headlined by The Wombats with more acts to be announced. ..",Cardiff Castle,https://www.cardiffcastle.com/ ,./static/images/cardiff_castle_logo.png,22,03 Jul 2026 09:17
https://www.cardiffcastle.com/events/david-byrne/,David Byrne,26                             Jul                             2026,Sun 26 Jul,,2026-07-26,2026-07-26,,"The Castle Green, Cardiff Castle, Castle Street, Cardiff, CF10 3RB",Cardiff,The Castle Green,CF10 3RB,Cardiff,cff,The Castle Green  Cardiff Castle  Castle Street  Cardiff  CF10 3RB,event,"See David Byrne perform live at Cardiff Castle on Sul, 26 Jul 2026. Tickets on sale.",Cardiff Castle,https://www.cardiffcastle.com/ ,./static/images/cardiff_castle_logo.png,23,03 Jul 2026 09:17
https://www.wmc.org.uk/en/whats-on/2026/coffi-a-cymru,Coffi A Cymru,27 July 2026,Mon 27 Jul,,2026-07-27,2026-07-27,,"Wales Millenium Centre, Bute Place, Cardiff, CF10 5AL",Wales Millenium Centre,Wales Millenium Centre,CF10 5AL,Cardiff,cff,Wales Millenium Centre  Bute Place  Cardiff  CF10 5AL,performance,"Explore coffee's origins and rituals, and its cultural and historical connection to Wales. Join Natalie, founder of Boss & Brew Academy and Hanan, the National Poet of Wales, for an interactive workshop blending gentle creative writing exercises with a Welsh coffee tasting experience.",Wales Millenium Centre,https://www.wmc.org.uk,./static/images/wmc_logo.png,24,03 Jul 2026 09:17
https://museum.wales//bigpit/whatson/12274/More-to-Life-than-Work---Hiya-Butt-Bay-/,More To Life Than Work - 'Hiya Butt! Bay'  | Museum Wales,"27–28 July &  3–4 August 2026,                     11am-3pm",27 – 28 Jul & 3 – 4 Aug,,2026-07-27,2026-08-04,,Big Pit National Coal Museum,Blaenavon,Big Pit,NP4 9XP,Torfaen,oth,Big Pit  National Coal Museum  Pontypool NP4 9XP,event,"There's more to life than work! Explore the hobbies, past-times and sports of mining communities in o. ..",Museum Wales ,https://museum.wales/,./static/images/museum_wales_logo.png,24,03 Jul 2026 09:17
https://cadw.gov.wales/lets-discover-medieval-hygiene,Let's Discover… Medieval Hygiene,Tue 28 Jul 2026,Tue 28 Jul,,2026-07-28,2026-07-28,,Chepstow Castle,Chepstow,Chepstow Castle,NP16 5EY,Monmouthshire,oth,Chepstow Castle  Bridge St  Chepstow NP16 5EY ,event,"Medieval people were just as concerned as we are about looking and smelling nice. Join us to find out how to take a bath (medieval style), what people used for perfumes and cosmetics, and even when it was socially acceptable to blow your nose! Also, make a herb bath sachet to take home. Drop in activity, no pre-booking required.",Cadw,https://cadw.gov.wales,./static/images/cadw_logo.png,25,03 Jul 2026 09:17
https://www.wmc.org.uk/en/whats-on/2026/the-karate-kid,The Karate Kid,28 July – 1 August 2026,Tue 28 Jul – Sat 01 Aug,,2026-07-28,2026-08-01,,"Wales Millenium Centre, Bute Place, Cardiff, CF10 5AL",Wales Millenium Centre,Wales Millenium Centre,CF10 5AL,Cardiff,cff,Wales Millenium Centre  Bute Place  Cardiff  CF10 5AL,performance,"The iconic 80s generation defining movie is now a dynamic new musical. Daniel is the new kid in town trying to fit in until he becomes the target of Cobra Kai's relentless star student, Johnny. Underestimated and outmatched, Daniel struggles to find his footing, until Ali, Johnny's ex, sees something in Daniel that no one else does. As Johnny refuses to step aside, teenage rivalry turns into...",Wales Millenium Centre,https://www.wmc.org.uk,./static/images/wmc_logo.png,25,03 Jul 2026 09:17
https://cadw.gov.wales/family-crafts-and-activities-day,Family Crafts And Activities Day,Wed 29 Jul 2026,Wed 29 Jul,,2026-07-29,2026-07-29,,Caer-went Roman Town,check event for location info,Cardiff,CF10 3RB,Cardiff,cff,Cardiff CF10 3RB,course,"Join us for our Caerwent Family Crafts Day. Join us for a free mid-week boredom buster day this summer holidays at Caerwent Barn. Enjoy fun crafts and activities for all the family and for younger ones, there will be Mini Legionnaires training for any would-be Roman soldiers. Light refreshments will be on sale in the Visitor Centre (Cash Only) but do feel free to bring a picnic and enjoy the...",Cadw,https://cadw.gov.wales,./static/images/cadw_logo.png,26,03 Jul 2026 09:17
https://cadw.gov.wales/a-victorian-excavation,A Victorian Excavation,Wed 29 Jul                             - Thu 30 Jul 2026,Wed 29 Jul - Thu 30 Jul,,2026-07-29,2026-07-30,,Castell Coch,Cardiff,Castell Coch,CF15 7JS,Cardiff,cff,Castell Coch  Cardiff CF15 7JS ,event,"Castell Coch is a Victorian rebuild in its upper levels, whilst being on Medieval lower levels and foundations. Before this re-build took place a series of archaeological excavations were conducted by a G. T. Clark, whose work was published in 1850. Join us in reconstructing the Victorian excavations here of the 1800s. Uncover with your own hands a range of Medieval treasures, try and guess what...",Cadw,https://cadw.gov.wales,./static/images/cadw_logo.png,26,03 Jul 2026 09:17
https://www.wmc.org.uk/en/whats-on/2026/national-open-youth-orchestra-with-bbc-national-orchestra-of-wales,National Open Youth Orchestra With BBCNational Orchestra Of Wales,30 July 2026,Thu 30 Jul,,2026-07-30,2026-07-30,,"Wales Millenium Centre, Bute Place, Cardiff, CF10 5AL",Wales Millenium Centre,Wales Millenium Centre,CF10 5AL,Cardiff,cff,Wales Millenium Centre  Bute Place  Cardiff  CF10 5AL,performance,"Get ready for an afternoon that bursts with energy and invention. Eighteen brilliant disabled and non-disabled young musicians from the National Open Youth Orchestra (NOYO) join guest players from BBC NOW in a concert that redefines what a modern orchestra can be. Expect a dazzling mix of instruments, from strings and brass to accordion, harp and electronic sounds, creating a soundworld that's...",Wales Millenium Centre,https://www.wmc.org.uk,./static/images/wmc_logo.png,27,03 Jul 2026 09:17
https://www.wmc.org.uk/en/whats-on/2026/quartey-and-blayney,Quartey & Blayney,30 July 2026,Thu 30 Jul,,2026-07-30,2026-07-30,,"Wales Millenium Centre, Bute Place, Cardiff, CF10 5AL",Wales Millenium Centre,Wales Millenium Centre,CF10 5AL,Cardiff,cff,Wales Millenium Centre  Bute Place  Cardiff  CF10 5AL,performance,"Sketch comedy with Carwyn Blayney (BBC New Comedy Awards 2025) and Ekow Quartey (BBC's Amandaland). Quartey & Blayney present a load of different characters and sketches. Some weird, some relatable, all of them just for you. Starring Carwyn Blayney (BBC New Comedy Awards 2025, winner of Welsh Unsigned Stand Up 2024, currently starring in S4C's Ar Led) and Ekow Quartey (Currently starring as JJ in...",Wales Millenium Centre,https://www.wmc.org.uk,./static/images/wmc_logo.png,27,03 Jul 2026 09:17
https://www.cardiffcastle.com/events/biffy-clyro/,Biffy Clyro,30                             Jul                             2026,Thu 30 Jul,,2026-07-30,2026-07-30,,"The Castle Green, Cardiff Castle, Castle Street, Cardiff, CF10 3RB",Cardiff,The Castle Green,CF10 3RB,Cardiff,cff,The Castle Green  Cardiff Castle  Castle Street  Cardiff  CF10 3RB,event,"See Biffy Clyro perform live at Cardiff Castle on Thu, 30 July 2026. Tickets on sale from Fri 13 February 2026",Cardiff Castle,https://www.cardiffcastle.com/ ,./static/images/cardiff_castle_logo.png,27,03 Jul 2026 09:17
https://www.visitthevale.com/events/fantastic-fete-at-st-donats-castle,Fantastic Fete At St Donats Castle,"July 31, 2026/August 9, 2026",Fri 31 Jul - Sun 09 Aug,,2026-07-31,2026-08-09,,"St Donats Castle, Atlantic College, Llantwit Major, CF61 1WF",St Donat's,St Donats Castle,CF61 1WF,Vale of Glamorgan,vog,St Donats Castle  Atlantic College  Llantwit Major  CF61 1WF,event,"Street Food Circus is set to return this spring, kicking off a calendar of family-friendly events that promise to celebrate the best street food, great days out and good times together in epic coastal, castle and woodland settings across south Wales.  Traders for 2026 include the return of Hang Fire BBQ and SFC debutants Mama Lala Sichuan street food, along with regulars such as Two Lads Afghan...",Visit the Vale,https://www.visitthevale.com,./static/images/visit_the_vale_logo.png,28,03 Jul 2026 09:17
https://museum.wales//stfagans/whatson/12856/St-Fagans-Castle-Ghost-Tours/,St Fagans Castle Ghost Tours | Museum Wales,31 July 2026,Fri 31 Jul - Thu 10 Sep,,2026-07-31,2026-07-31,,St Fagans National Museum of History,St. Fagans,St. Fagans,CF5 6XB,Cardiff,cff,St. Fagans  National Museum of History  Cardiff CF5 6XB,event,St Fagans Castle is a 16th Century manor house with foundations reaching back to the 13th Century th. ..,Museum Wales ,https://museum.wales/,./static/images/museum_wales_logo.png,28,03 Jul 2026 09:17
https://www.wmc.org.uk/en/whats-on/2026/vaguely-deviant,The Vaguely Deviant,31 July 2026,Fri 31 Jul,,2026-07-31,2026-07-31,,"Wales Millenium Centre, Bute Place, Cardiff, CF10 5AL",Wales Millenium Centre,Wales Millenium Centre,CF10 5AL,Cardiff,cff,Wales Millenium Centre  Bute Place  Cardiff  CF10 5AL,performance,"Forget snow. Forget tinsel. Forget Mariah lurking in the shadows…    This year, we're binning off the baubles and diving headfirst into a sun-soaked, sweat-dripping, glitter-drenched Australian summer fantasy Welcome to a chaotic collision of drag, live music, and unhinged festive rebellion as House of Deviant and Vaguely Artistic serve up a show that's about as far from Christmas as you...",Wales Millenium Centre,https://www.wmc.org.uk,./static/images/wmc_logo.png,28,03 Jul 2026 09:17
https://museum.wales//cardiff/whatson/12902/Storytime-with-Babis-Bach-Babies/,Storytime With Babis Bach Babies | Museum Wales,"31 July 2026,                     10:30am; 12.30pm; 2.30pm",Fri 31 Jul - Sat 05 Dec,,2026-07-31,2026-07-31,,National Museum Cardiff,Cardiff,National Museum Cardiff,CF10 3NP,Cardiff,cff,National Museum Cardiff  Cardiff CF10 3NP,event,"This Summer, Amgueddfa Cymru are delighted to welcome back Babis Bach Babies for a very special seri. ..",Museum Wales ,https://museum.wales/,./static/images/museum_wales_logo.png,28,03 Jul 2026 09:17
https://www.cardiffcastle.com/events/the-streets/,The Streets,31                             Jul                             2026,Fri 31 Jul,,2026-07-31,2026-07-31,,"The Castle Green, Cardiff Castle, Castle Street, Cardiff, CF10 3RB",Cardiff,The Castle Green,CF10 3RB,Cardiff,cff,The Castle Green  Cardiff Castle  Castle Street  Cardiff  CF10 3RB,event,See The Streets perform live at Cardiff Castle on Friday 31 July 2026. Tickets on sale from Fri 21 Nov 2025.,Cardiff Castle,https://www.cardiffcastle.com/ ,./static/images/cardiff_castle_logo.png,28,03 Jul 2026 09:17
https://www.wmc.org.uk/en/whats-on/2026/open-office-3,Open Office,31 July - 27 November 2026,Fri 31 Jul - Fri 27 Nov,,2026-07-31,2026-11-27,,"Wales Millenium Centre, Bute Place, Cardiff, CF10 5AL",Wales Millenium Centre,Wales Millenium Centre,CF10 5AL,Cardiff,cff,Wales Millenium Centre  Bute Place  Cardiff  CF10 5AL,performance,Are you a Theatre or Cabaret Artist looking to connect with Wales Millennium Centre? Open Office is your opportunity to chat with us! We are mixing things up a little this year and giving you access to our Productions Producers and Cabaret Producer.,Wales Millenium Centre,https://www.wmc.org.uk,./static/images/wmc_logo.png,28,03 Jul 2026 09:17
https://cadw.gov.wales/steps-back-time,Steps Back In Time,Sat 01 Aug                             - Sun 02 Aug 2026,Sat 01 Aug - Sun 02 Aug,,2026-08-01,2026-08-02,August,Chepstow Castle,Chepstow,Chepstow Castle,NP16 5EY,Monmouthshire,oth,Chepstow Castle  Bridge St  Chepstow NP16 5EY ,event,"Put on your dancing shoes and visit Chepstow Castle this weekend, as we learn about the evolution of dance, from the medieval farandole to the French court dances of the 17th century. With demonstrations and audience participation workshops throughout the weekend, this is a fun and interactive event for the whole family. You do not need to book tickets for this event.",Cadw,https://cadw.gov.wales,./static/images/cadw_logo.png,29,03 Jul 2026 09:17
https://museum.wales//roman/whatson/10229/Roman-Cavalry-Trooper/,Roman Cavalry Trooper | Museum Wales,"1–9 August 2026,                     10:30am-4pm",Sat 01 Aug – Sun 09 Aug,,2026-08-01,2026-08-09,,National Roman Legion Museum,Caerleon,National Roman Legion Museum,NP18 1AE,Newport,oth,National Roman Legion Museum  High St  Caerleon  Newport NP18 1AE,event,Meet a Roman cavalry trooper and uncover the story of Rome’s mounted warriors. Discover some o. ..,Museum Wales ,https://museum.wales/,./static/images/museum_wales_logo.png,29,03 Jul 2026 09:17
https://cadw.gov.wales/hidden-histories-mystery-severed-heads,Hidden Histories: The Mystery Of The Severed Heads,Sat 01 Aug                             - Sun 02 Aug 2026,Sat 01 Aug - Sun 02 Aug,,2026-08-01,2026-08-02,,Plas Mawr,Cardiff,Plas Mawr,CF5 3JW,Cardiff,cff,Plas Mawr  CF5 3JW,event,"Calling all History Hackers! We need your help at Plas Mawr - a house full of secrets, stories . .. and three rather ghoulish severed heads. As Robert Wynn, Master of the House, prepares for a royal visit from Queen Elizabeth I, he's determined to impress - showing off his wealth, his status and his spotless reputation, with a healthy dose of pomp and ceremony. But the deeper you dig . .. the...",Cadw,https://cadw.gov.wales,./static/images/cadw_logo.png,29,03 Jul 2026 09:17
https://museum.wales//stfagans/whatson/12951/Step-into-history-at-St-Fagans-/,Step Into History At St Fagans  | Museum Wales,"1–31 August 2026,                     11am - 4pm",Sat 01 Aug – Mon 31 Aug,,2026-08-01,2026-08-31,,St Fagans National Museum of History,St. Fagans,St. Fagans,CF5 6XB,Cardiff,cff,St. Fagans  National Museum of History  Cardiff CF5 6XB,event,Step back in time at St Fagans this summer as you drop in to your favourite buildings to check if th. ..,Museum Wales ,https://museum.wales/,./static/images/museum_wales_logo.png,29,03 Jul 2026 09:17
https://museum.wales//swansea/whatson/12954/Festival-of-Archaeology-Summer-Roadshow/,Festival Of Archaeology Summer Roadshow | Museum Wales,"1 August 2026,                     11am - 4pm",Sat 01 Aug,,2026-08-01,2026-08-01,,National Waterfront Museum,Swansea,National Waterfront Museum,SA1 3RD ,Swansea,swa,National Waterfront Museum  Oystermouth Rd  Maritime Quarter  Swansea SA1 3RD ,event,We are celebrating the Museum's exciting new display of the Ann Francis treasure hoard. Meet local de. ..,Museum Wales ,https://museum.wales/,./static/images/museum_wales_logo.png,29,03 Jul 2026 09:17
https://www.rctcbc.gov.uk//EN/Events/Archive/2026/August/BigWelshBite.aspx,Big Welsh Bite,Saturday 1 - Sunday 2 August 2026,Sat 01 Aug - Sun 02 Aug,,2026-08-01,2026-08-02,,Pontypridd,check event for location info,Rhondda Cynon Taf,CF15,Rhondda Cynon Taf,rct,Rhondda Cynon Taf CF15,event,"The Big Welsh Bite is BACK and will be as mouthwatering as ever… with over 60 food and drink traders, craft stalls, information stalls, large fun fair, arena shows and more, make sure to add this one to the diary. The event takes place from 11am-5pm both days and entry is FREE!",Rhondda Cynon Taf,https://www.rctcbc.gov.uk/,./static/images/rct_logo.png,29,03 Jul 2026 09:17
https://museum.wales//cardiff/whatson/12970/Museum-Lates-Helios/,Museum Lates: Helios | Museum Wales,"1st August, 29th August, ,                     6pm - 10pm",Sat 01 Aug - Sat 29 Aug,,2026-08-01,2026-08-29,,National Museum Cardiff,Cardiff,National Museum Cardiff,CF10 3NP,Cardiff,cff,National Museum Cardiff  Cardiff CF10 3NP,event,"Experience Helios after dark, with our late-night museum hours. For a limited number of evenings this. ..",Museum Wales ,https://museum.wales/,./static/images/museum_wales_logo.png,29,03 Jul 2026 09:17
https://www.wmc.org.uk/en/whats-on/2026/the-stars-of-tomorrow,The Stars Of Tomorrow,2 + 9 August 2026,Sun 02 Aug + Sun 09 Aug,,2026-08-02,2026-08-09,,"Wales Millenium Centre, Bute Place, Cardiff, CF10 5AL",Wales Millenium Centre,Wales Millenium Centre,CF10 5AL,Cardiff,cff,Wales Millenium Centre  Bute Place  Cardiff  CF10 5AL,performance,"Over 40 local theatre schools, singers, and groups unite for a spectacular showcase of youth performing arts. Taking place over four consecutive evenings, this vibrant production celebrates the next generation of performers and will include solo singers, musical theatre and drama groups, street and hip-hop dancers, ballet dancers, cheerleaders, gymnasts, Irish dancers, ballroom & Latin, and a...",Wales Millenium Centre,https://www.wmc.org.uk,./static/images/wmc_logo.png,30,03 Jul 2026 09:17
https://museum.wales//roman/whatson/6598/Romans-in-Residence/,Romans In Residence | Museum Wales,"3–31 August 2026,                     10:30am-4pm",Mon 03 Aug – Mon 31 Aug,,2026-08-03,2026-08-31,,National Roman Legion Museum,Caerleon,National Roman Legion Museum,NP18 1AE,Newport,oth,National Roman Legion Museum  High St  Caerleon  Newport NP18 1AE,event,Join us this August for our Romans in Residence days and meet a Roman character from the past &ndash. ..,Museum Wales ,https://museum.wales/,./static/images/museum_wales_logo.png,31,03 Jul 2026 09:17
https://cadw.gov.wales/lets-discover-herbs-and-heritage,Let's Discover… Herbs And Heritage,Tue 04 Aug 2026,Tue 04 Aug,,2026-08-04,2026-08-04,,Chepstow Castle,Chepstow,Chepstow Castle,NP16 5EY,Monmouthshire,oth,Chepstow Castle  Bridge St  Chepstow NP16 5EY ,event,"Come and learn all about herbs and their uses during the Middle Ages, with our resident expert. Children will also have the opportunity to make something to take home with them. You do not need to book tickets for this event.",Cadw,https://cadw.gov.wales,./static/images/cadw_logo.png,32,03 Jul 2026 09:17
https://cadw.gov.wales/falconry-days,Falconry Days,Wed 05 Aug 2026,Wed 05 Aug,,2026-08-05,2026-08-05,,Raglan Castle,Raglan,Raglan Castle,NP15 2BT,Monmouthshire,oth,Raglan Castle  Castle Rd  Raglan NP15 2BT ,event,"Wings of Wales are back at the castle with their birds of prey.  Come and meet the birds and see them fly, and learn about the conservation of these feathered friends. You do not need to book tickets for this event.",Cadw,https://cadw.gov.wales,./static/images/cadw_logo.png,33,03 Jul 2026 09:17
https://museum.wales//swansea/whatson/11562/National-Play-Day---Quieter-Hour/,National Play Day - Quieter Hour | Museum Wales,"5 August 2026,                     10am - 11am",Wed 05 Aug,,2026-08-05,2026-08-05,,National Waterfront Museum,Swansea,National Waterfront Museum,SA1 3RD ,Swansea,swa,National Waterfront Museum  Oystermouth Rd  Maritime Quarter  Swansea SA1 3RD ,event,"A chance to celebrate National Play Day aimed at children who enjoy a calmer, quieter time with less. ..",Museum Wales ,https://museum.wales/,./static/images/museum_wales_logo.png,33,03 Jul 2026 09:17
https://museum.wales//swansea/whatson/12598/National-Play-Day/,National Play Day | Museum Wales,"5 August 2026,                     11am - 2pm",Wed 05 Aug,,2026-08-05,2026-08-05,,National Waterfront Museum,Swansea,National Waterfront Museum,SA1 3RD ,Swansea,swa,National Waterfront Museum  Oystermouth Rd  Maritime Quarter  Swansea SA1 3RD ,event,Help us raise the roof at the Museum this National Play Day! This year's theme is Sea Spectacular! Fea. ..,Museum Wales ,https://museum.wales/,./static/images/museum_wales_logo.png,33,03 Jul 2026 09:17
https://cadw.gov.wales/ragged-victorians,Ragged Victorians,Sat 08 Aug                             - Sun 09 Aug 2026,Sat 08 Aug - Sun 09 Aug,,2026-08-08,2026-08-09,,Blaenafon Ironworks,Blaenavon,Blaenafon Ironworks,NP4 9RJ,Torfaen,oth,Blaenafon Ironworks  NP4 9RJ,event,"No one can delight and disgust quite like the Ragged Victorians, portraying the daily life of the Victorian poor and industrial workers. From Peelers to rat-catchers to bare knuckle fighters, this is the real 1800s! You do not need to book tickets for this event.",Cadw,https://cadw.gov.wales,./static/images/cadw_logo.png,36,03 Jul 2026 09:17
https://cadw.gov.wales/falconry-abbey,Falconry At The Abbey,Sat 08 Aug 2026,Sat 08 Aug,,2026-08-08,2026-08-08,,Tintern Abbey,Tintern,Tintern Abbey,NP16 6SE,Monmouthshire,oth,Tintern Abbey  Tintern NP16 6SE ,event,"Come to Tintern Abbey to see majestic birds of prey in flight. Learn how the Tudors used birds of prey and why falconry was the most popular sport of the day, and how birds of prey live. Have your photo taken with the birds for a unique souvenir. You do not need to book tickets for this event.",Cadw,https://cadw.gov.wales,./static/images/cadw_logo.png,36,03 Jul 2026 09:17
https://museum.wales//cardiff/whatson/12928/The-Science-of-the-Sun-with-Jon-Chase/,The Science Of The Sun With Jon Chase | Museum Wales,"8 August 2026,                     10:30am & 1.00pm",Sat 08 Aug,,2026-08-08,2026-08-08,,National Museum Cardiff,Cardiff,National Museum Cardiff,CF10 3NP,Cardiff,cff,National Museum Cardiff  Cardiff CF10 3NP,event,"We’re turning up the heat this summer at National Museum Cardiff with our brand new, rap-scien. ..",Museum Wales ,https://museum.wales/,./static/images/museum_wales_logo.png,36,03 Jul 2026 09:17
https://museum.wales//bigpit/whatson/12276/More-to-Life-than-Work---Wrestling/,More To Life Than Work - Wrestling | Museum Wales,"10 & 11 August 2026,                     11am-3pm",Mon 10 Aug & Tue 11 Aug,,2026-08-10,2026-08-11,,Big Pit National Coal Museum,Blaenavon,Big Pit,NP4 9XP,Torfaen,oth,Big Pit  National Coal Museum  Pontypool NP4 9XP,event,"There's more to life than work! Explore the hobbies, past-times and sports of mining communities in o. ..",Museum Wales ,https://museum.wales/,./static/images/museum_wales_logo.png,38,03 Jul 2026 09:17
https://cadw.gov.wales/lets-discover-chainmail,Let's Discover... Chainmail,Tue 11 Aug 2026,Tue 11 Aug,,2026-08-11,2026-08-11,,Chepstow Castle,Chepstow,Chepstow Castle,NP16 5EY,Monmouthshire,oth,Chepstow Castle  Bridge St  Chepstow NP16 5EY ,event,"This Summer learn how traditional maille was made at Chepstow Castle. Discover how the rings were ‘woven' together, and see the traditional tools and techniques needed to create these protective garments worn by those brave enough to step onto the battlefield in the Middle Ages. Our resident expert will be on-hand to give informal talks and demonstrations throughout the day. Replicas of mail from...",Cadw,https://cadw.gov.wales,./static/images/cadw_logo.png,39,03 Jul 2026 09:17
https://www.wmc.org.uk/en/whats-on/2026/jersey-boys,Jersey Boys,11 – 22 August 2026,Tue 11 Aug – Sat 22 Aug,,2026-08-11,2026-08-22,,"Wales Millenium Centre, Bute Place, Cardiff, CF10 5AL",Wales Millenium Centre,Wales Millenium Centre,CF10 5AL,Cardiff,cff,Wales Millenium Centre  Bute Place  Cardiff  CF10 5AL,performance,"The boys are back as the original Tony®-winning sensation returns for its 20th Anniversary Tour! Go behind the music and inside the story of Frankie Valli and The Four Seasons in the true-life musical phenomenon, Jersey Boys. From the streets of New Jersey to the Rock and Roll Hall of Fame, this is the musical that's too good to be true. They were just four guys from Jersey, until they sang their...",Wales Millenium Centre,https://www.wmc.org.uk,./static/images/wmc_logo.png,39,03 Jul 2026 09:17
https://www.visitthevale.com/events/vale-of-glamorgan-agricultural-show,Vale Of Glamorgan Agricultural Show,"August 12, 2026/August 12, 2026",Wed 12 Aug,,2026-08-12,2026-08-12,,"Penllyn, Cowbridge, CF71 7RQ",Penllyn,Penllyn,CF71 7RQ,Vale of Glamorgan,vog,Penllyn  Cowbridge  CF71 7RQ,event,"The Vale of Glamorgan Agricultural Show returns on Wednesday 12 August! Now the biggest one-day event in the Vale of Glamorgan, the show attracts more than 20,000 visitors to Penllyn, Cowbridge - every August. With over 200 trade stands, livestock displays, crafts, local food, and thrilling competitions, it's a must-visit event of the summer. Tickets are on sale now.    ‍ ‍",Visit the Vale,https://www.visitthevale.com,./static/images/visit_the_vale_logo.png,40,03 Jul 2026 09:17
https://museum.wales//cardiff/whatson/12971/Museum-Lates-Solar-Eclipse/,Museum Lates: Solar Eclipse | Museum Wales,"12 August 2026,                     From 6pm",Wed 12 Aug,,2026-08-12,2026-08-12,,National Museum Cardiff,Cardiff,National Museum Cardiff,CF10 3NP,Cardiff,cff,National Museum Cardiff  Cardiff CF10 3NP,event,Join us to celebrate the solar eclipse and stay late to experience Helios after dark! We’re inv. ..,Museum Wales ,https://museum.wales/,./static/images/museum_wales_logo.png,40,03 Jul 2026 09:17
https://museum.wales//stfagans/whatson/12709/Bat-Walks/,Bat Walks | Museum Wales,13 August–19 September 2026,Thu 13 Aug – Sat 19 Sep,,2026-08-13,2026-09-19,,St Fagans National Museum of History,St. Fagans,St. Fagans,CF5 6XB,Cardiff,cff,St. Fagans  National Museum of History  Cardiff CF5 6XB,event,"If you’re a bat fan, then come along to St Fagans after-dark where we’ll go looking for . ..",Museum Wales ,https://museum.wales/,./static/images/museum_wales_logo.png,41,03 Jul 2026 09:17
https://museum.wales//swansea/whatson/11586/KNex-Big-Build-Challenge/,K'nex Big Build Challenge | Museum Wales,"13, 20 &  27 August 2026,                     11.30am – 2.30pm","13, 20 & 27 Aug",,2026-08-13,2026-08-27,,National Waterfront Museum,Swansea,National Waterfront Museum,SA1 3RD ,Swansea,swa,National Waterfront Museum  Oystermouth Rd  Maritime Quarter  Swansea SA1 3RD ,event,Calling all budding engineers! Use your design and building skills to complete the XLWales challenges. ..,Museum Wales ,https://museum.wales/,./static/images/museum_wales_logo.png,41,03 Jul 2026 09:17
https://cadw.gov.wales/childrens-activity-days,Children's Activity Days,Thu 13 Aug 2026,Thu 13 Aug,,2026-08-13,2026-08-13,,Strata Florida Abbey,check event for location info,Cardiff,CF10 3RB,Cardiff,cff,Cardiff CF10 3RB,event,"Our Children's Activity Days at Strata Florida are interactive and can be delivered in either Welsh or English. Topics include the history of the medieval abbey and the lives of the Cistercian monks, the Mynachlog Fawr Farmhouse, hands-on archaeology experiences, and the environmental impact of the nearby Abbey Consols lead mine.",Cadw,https://cadw.gov.wales,./static/images/cadw_logo.png,41,03 Jul 2026 09:17
https://museum.wales//roman/whatson/7843/Mosaics/,Mosaics | Museum Wales,"14, 21 &  28 August 2026,                     10am-12pm and 1pm-3pm.","14, 21 & 28 Aug",,2026-08-14,2026-08-28,,National Roman Legion Museum,Caerleon,National Roman Legion Museum,NP18 1AE,Newport,oth,National Roman Legion Museum  High St  Caerleon  Newport NP18 1AE,event,Come and find out about Roman mosaics this summer. Ancient Romans decorated their buildings with mosa. ..,Museum Wales ,https://museum.wales/,./static/images/museum_wales_logo.png,42,03 Jul 2026 09:17
https://museum.wales//cardiff/whatson/12919/Photographing-Clothing-A-Ffasiwn-Workshop-with-Michael-Alberry-/,Photographing Clothing: A Ffasiwn Workshop With Michael Alberry  | Museum Wales,"14 August 2026,                     10:15am - 5:00pm",Fri 14 Aug,,2026-08-14,2026-08-14,,National Museum Cardiff,Cardiff,National Museum Cardiff,CF10 3NP,Cardiff,cff,National Museum Cardiff  Cardiff CF10 3NP,course,"This August, join us for a special series of creative workshops for the whole family alongside our e. ..",Museum Wales ,https://museum.wales/,./static/images/museum_wales_logo.png,42,03 Jul 2026 09:17
https://cadw.gov.wales/hafoty-medieval-house-guided-tours,Hafoty Medieval House Guided Tours,Sun 16 Aug 2026,Sun 16 Aug,,2026-08-16,2026-08-16,,Hafoty Medieval House,check event for location info,Cardiff,CF10 3RB,Cardiff,cff,Cardiff CF10 3RB,event,"The substantial white-painted stone building we see before us today was originally a timber-framed house probably built in the 14th century (it's recorded as Bodiordderch, the ‘House of Iordderch', in 1352). It was later encased in stone and saw modification and restoration in the 19th and late 20th centuries, though its medieval layout remains. It passed through the hands of important local...",Cadw,https://cadw.gov.wales,./static/images/cadw_logo.png,44,03 Jul 2026 09:17
https://museum.wales//bigpit/whatson/12907/More-to-Life-than-Work---Coal-Rocks/,More To Life Than Work - Coal Rocks! | Museum Wales,"17 & 18 August 2026,                     11am - 3pm",Mon 17 Aug & Tue 18 Aug,,2026-08-17,2026-08-18,,Big Pit National Coal Museum,Blaenavon,Big Pit,NP4 9XP,Torfaen,oth,Big Pit  National Coal Museum  Pontypool NP4 9XP,event,"There's more to life than work! Explore the hobbies, past-times and sports of mining communities in o. ..",Museum Wales ,https://museum.wales/,./static/images/museum_wales_logo.png,45,03 Jul 2026 09:17
https://cadw.gov.wales/lets-discover-life-a-servant,Let's Discover ... Life As A Servant,Tue 18 Aug 2026,Tue 18 Aug,,2026-08-18,2026-08-18,,Chepstow Castle,Chepstow,Chepstow Castle,NP16 5EY,Monmouthshire,oth,Chepstow Castle  Bridge St  Chepstow NP16 5EY ,event,"Even in times of war, domestic life still has to go on. Meet a servant of the castle and find out more about everyday life in the tense era of the Wars of the Roses - from cooking to childbirth, and from strewing herbs to cures. You do not need to book tickets for this event.",Cadw,https://cadw.gov.wales,./static/images/cadw_logo.png,46,03 Jul 2026 09:17
https://museum.wales//cardiff/whatson/12963/Behind-the-Scenes-Roman-Pottery/,Behind The Scenes: Roman Pottery | Museum Wales,"18 August 2026,                     2pm",Tue 18 Aug,,2026-08-18,2026-08-18,,National Museum Cardiff,Cardiff,National Museum Cardiff,CF10 3NP,Cardiff,cff,National Museum Cardiff  Cardiff CF10 3NP,event,One of the defining features of the archaeology of the Roman period is the appearance for the first . ..,Museum Wales ,https://museum.wales/,./static/images/museum_wales_logo.png,46,03 Jul 2026 09:17
https://museum.wales//cardiff/whatson/12918/Ffasiwn-Making-Workshop-with-Ffian-Jones/,Ffasiwn-Making Workshop With Ffian Jones | Museum Wales,"21 August 2026,                     10:30am (Welsh language session); 2pm (English language session)",Fri 21 Aug,,2026-08-21,2026-08-21,,National Museum Cardiff,Cardiff,National Museum Cardiff,CF10 3NP,Cardiff,cff,National Museum Cardiff  Cardiff CF10 3NP,course,"This August, join us for a special series of creative workshops for the whole family alongside our e. ..",Museum Wales ,https://museum.wales/,./static/images/museum_wales_logo.png,49,03 Jul 2026 09:17
https://museum.wales//swansea/whatson/12952/Kids---Block-Printing-with-Natural-Colour/,Kids - Block Printing With Natural Colour | Museum Wales,"21 & 22 August 2026,                     11am - 1pm",Fri 21 Aug & Sat 22 Aug,,2026-08-21,2026-08-22,,National Waterfront Museum,Swansea,National Waterfront Museum,SA1 3RD ,Swansea,swa,National Waterfront Museum  Oystermouth Rd  Maritime Quarter  Swansea SA1 3RD ,event,Come and have a go at block printing using natural colour.  You can make your own designs or use. ..,Museum Wales ,https://museum.wales/,./static/images/museum_wales_logo.png,49,03 Jul 2026 09:17
https://www.rctcbc.gov.uk//EN/Events/Archive/2026/August/RCT90sSummerParty.aspx,Rct 90'S Summer Party,Saturday 22 August 2026,Sat 22 Aug,,2026-08-22,2026-08-22,,Ynysangharad War Memorial Park,Pontypridd,Ynysangharad War Memorial Park,CF37 4PD,Rhondda Cynon Taf,rct,Ynysangharad War Memorial Park  Pontypridd  CF37 4PD,event,"Join us in Ynysangharad War Memorial Park this summer as we get the party started with all your 90's floor fillers and classics. On Saturday 22nd August, prepare to pop back to the 90's and party with: ��Heather Small: Soul singer and lead vocalist of M People, renowned for classics such as ‘moving on up', ‘one night in Heaven' and who could forget, ‘Proud'. ��Kenny Thomas: With eight UK top 40...",Rhondda Cynon Taf,https://www.rctcbc.gov.uk/,./static/images/rct_logo.png,50,03 Jul 2026 09:17
https://museum.wales//cardiff/whatson/12922/Museum-Sleepover-Under-Helios/,Museum Sleepover: Under Helios | Museum Wales,"22 & 23 August 2026,                     5.30pm until Sunday morning!",Sat 22 Aug & Sun 23 Aug,,2026-08-22,2026-08-23,,National Museum Cardiff,Cardiff,National Museum Cardiff,CF10 3NP,Cardiff,cff,National Museum Cardiff  Cardiff CF10 3NP,event,"This summer, you're invited to the ultimate sleepover - discover what goes on after dark on an unfor. ..",Museum Wales ,https://museum.wales/,./static/images/museum_wales_logo.png,50,03 Jul 2026 09:17
https://cadw.gov.wales/resting-abbey-during-wars-roses-1471-0,Resting At The Abbey During The Wars Of The Roses 1471,Sat 22 Aug 2026,Sat 22 Aug,,2026-08-22,2026-08-22,,Tintern Abbey,Tintern,Tintern Abbey,NP16 6SE,Monmouthshire,oth,Tintern Abbey  Tintern NP16 6SE ,event,"1471, a company of Archers and their families rest at the Abbey in order to pay their respects to William Herbert, Earl of Pembroke.  They have set up camp in the grounds and continue to practice their civilian skills – such as fletching – spinning – dyeing – cooking – leather work  - rush weaving and of course recreation in the Tavern Tent. Even one can write!",Cadw,https://cadw.gov.wales,./static/images/cadw_logo.png,50,03 Jul 2026 09:17
https://cadw.gov.wales/monk-minstrel-and-wise-women,"The Monk, Minstrel And Wise Women",Sat 22 Aug 2026,Sat 22 Aug,,2026-08-22,2026-08-22,,Llanthony Priory,check event for location info,Cardiff,CF10 3RB,Cardiff,cff,Cardiff CF10 3RB,event,Step back in time and meet our Medieval characters Friar Godric will be on hand to tell you what life was like at the priory. Our Minstrel will have instruments on display and play music of the age. Enjoy the folklore and herblore of our wise women too. Cafe lunches available 12. 30pm to 2pm. Assistance dogs only.,Cadw,https://cadw.gov.wales,./static/images/cadw_logo.png,50,03 Jul 2026 09:17
https://www.wmc.org.uk/en/whats-on/2026/rumours-transatlantic-ensemble,Fleetwood Mac's 'Rumours' With The Transatlantic Ensemble,23 August 2026,Sun 23 Aug,,2026-08-23,2026-08-23,,"Wales Millenium Centre, Bute Place, Cardiff, CF10 5AL",Wales Millenium Centre,Wales Millenium Centre,CF10 5AL,Cardiff,cff,Wales Millenium Centre  Bute Place  Cardiff  CF10 5AL,performance,"The 'Transatlantic Ensemble' return by popular demand to Wales Millenium Centre, after past sellout shows here two years in a row and multiple sell-outs at Edinburgh Fringe Festival and right across the UK. They will be performing Fleetwood Mac's iconic Rumours album in its entirety, plus loads of other well-known Fleetwood Mac classics. Experience one of the greatest albums of all time, lovingly...",Wales Millenium Centre,https://www.wmc.org.uk,./static/images/wmc_logo.png,51,03 Jul 2026 09:17
https://museum.wales//bigpit/whatson/12911/More-to-Life-than-Work---Cinema/,More To Life Than Work - Cinema | Museum Wales,"24 & 25 August 2026,                     11am - 3pm",Mon 24 Aug & Tue 25 Aug,,2026-08-24,2026-08-25,,Big Pit National Coal Museum,Blaenavon,Big Pit,NP4 9XP,Torfaen,oth,Big Pit  National Coal Museum  Pontypool NP4 9XP,event,"There's more to life than work! Explore the hobbies, past-times and sports of mining communities in o. ..",Museum Wales ,https://museum.wales/,./static/images/museum_wales_logo.png,52,03 Jul 2026 09:17
https://cadw.gov.wales/lets-discover-printed-word,Let's Discover … The Printed Word,Tue 25 Aug 2026,Tue 25 Aug,,2026-08-25,2026-08-25,,Chepstow Castle,Chepstow,Chepstow Castle,NP16 5EY,Monmouthshire,oth,Chepstow Castle  Bridge St  Chepstow NP16 5EY ,event,"Printer Francesca Kay demonstrates how to set type and print the old-fashioned way. Francesca will make you a letterpress print with her vintage table-top printing press, explaining how this ancient skill changed the world. She will also tell you how some of our common phrases come from the letterpress printing world. Come and find out how to make a good impression! You do not need to book...",Cadw,https://cadw.gov.wales,./static/images/cadw_logo.png,53,03 Jul 2026 09:17
https://www.wmc.org.uk/en/whats-on/2026/calon,Calon,27 – 29 August 2026,Thu 27 Aug – Sat 29 Aug,,2026-08-27,2026-08-29,,"Wales Millenium Centre, Bute Place, Cardiff, CF10 5AL",Wales Millenium Centre,Wales Millenium Centre,CF10 5AL,Cardiff,cff,Wales Millenium Centre  Bute Place  Cardiff  CF10 5AL,performance,Want to continue your order in Welsh?,Wales Millenium Centre,https://www.wmc.org.uk,./static/images/wmc_logo.png,55,03 Jul 2026 09:17
https://cadw.gov.wales/go-wild-0,Go Wild,Sat 29 Aug                             - Mon 31 Aug 2026,Sat 29 Aug - Mon 31 Aug,,2026-08-29,2026-08-31,,Caerphilly Castle,Caerphilly,Caerphilly Castle,CF83 1NZ,Caerphilly,oth,Caerphilly Castle  Castle Street  Caerphilly  Wales  CF83 1NZ,event,"Come and visit Caerphilly Castle this weekend for a nature-themed adventure, featuring an exciting quest through the grounds and hands-on craft activities for all ages. You do not need to book tickets for this event.",Cadw,https://cadw.gov.wales,./static/images/cadw_logo.png,57,03 Jul 2026 09:17
https://cadw.gov.wales/greatest-knight,The Greatest Knight,Sat 29 Aug                             - Mon 31 Aug 2026,Sat 29 Aug - Mon 31 Aug,,2026-08-29,2026-08-31,,Tintern Abbey,Tintern,Tintern Abbey,NP16 6SE,Monmouthshire,oth,Tintern Abbey  Tintern NP16 6SE ,event,"To celebrate the life of one of Tintern Abbey's greatest patrons, we will be welcoming William Marshal and his wife Isabel to Tintern for the 801st anniversary of her death.  Living history, medieval re-enactment, music and horse displays will transport the abbey back to its earliest days - to honour the life of Earl Marshal and his influential spouse, as the Greatest Knight returns! You do not...",Cadw,https://cadw.gov.wales,./static/images/cadw_logo.png,57,03 Jul 2026 09:17
https://www.visitthevale.com/events/barry-island-sprint-triathlon,Barry Island Sprint Triathlon,"August 30, 2026/August 30, 2026",Sun 30 Aug,,2026-08-30,2026-08-30,,"Barry Island Prom, Barry Island, CF62 5TQ",Barry,Barry Island Prom,CF62 5TQ,Vale of Glamorgan,vog,Barry Island Prom  Barry Island  CF62 5TQ,event,"Barry Island Sprint Triathlon returns to the beach, prom and open road this August! On Sunday 30 August the Island will host the popular annual sporting event. Entries now open and find all the race info - including prices and the routes here. See you on the beach!",Visit the Vale,https://www.visitthevale.com,./static/images/visit_the_vale_logo.png,58,03 Jul 2026 09:17
https://cadw.gov.wales/raglan-castle-odyssey,Raglan Castle Odyssey,Sun 30 Aug                             - Mon 31 Aug 2026,Sun 30 Aug - Mon 31 Aug,,2026-08-30,2026-08-31,,Raglan Castle,Raglan,Raglan Castle,NP15 2BT,Monmouthshire,oth,Raglan Castle  Castle Rd  Raglan NP15 2BT ,event,"Join us for a multi-historical period weekend of living history. Once again the Worcester Reenactors set up at Raglan castle to take you on a journey across the ages as folk, civilians and soldiers alike show off life from many eras of the past.  Wander the camps, speak to the voices of history and bask in the atmosphere of Raglan Castle. You do not need to book tickets for this event.",Cadw,https://cadw.gov.wales,./static/images/cadw_logo.png,58,03 Jul 2026 09:17
https://www.wmc.org.uk/en/whats-on/2026/burlesque,Burlesque,1 - 5 September 2026,Tue 01 Sep - Sat 05 Sep,,2026-09-01,2026-09-05,September,"Wales Millenium Centre, Bute Place, Cardiff, CF10 5AL",Wales Millenium Centre,Wales Millenium Centre,CF10 5AL,Cardiff,cff,Wales Millenium Centre  Bute Place  Cardiff  CF10 5AL,performance,"After taking the West End by storm — where it became summer 2025's biggest hit, selling out night after night — Burlesque A BIG New Musical is coming to Cardiff in September. From executive producer Christina Aguilera and written by Steven Antin, Burlesque invites you to a club like no other: a hidden world beneath the city lights where sequins sparkle, seduction shimmers and lives can change in...",Wales Millenium Centre,https://www.wmc.org.uk,./static/images/wmc_logo.png,60,03 Jul 2026 09:17
https://museum.wales//stfagans/whatson/12568/Dementia-Friendly-Activity-Harvest/,Dementia Friendly Activity: Harvest | Museum Wales,"2 September 2026,                     1-4pm",Wed 02 Sep - Tue 01 Sep,,2026-09-02,2026-09-01,,St Fagans National Museum of History,St. Fagans,St. Fagans,CF5 6XB,Cardiff,cff,St. Fagans  National Museum of History  Cardiff CF5 6XB,event,Join us at St Fagans National Museum of History to learn more about the summer harvest and what that. ..,Museum Wales ,https://museum.wales/,./static/images/museum_wales_logo.png,61,03 Jul 2026 09:17
https://www.wmc.org.uk/en/whats-on/2026/linley-hamilton-quintet,Linley Hamilton Quintet,3 September 2026,Thu 03 Sep,,2026-09-03,2026-09-03,,"Wales Millenium Centre, Bute Place, Cardiff, CF10 5AL",Wales Millenium Centre,Wales Millenium Centre,CF10 5AL,Cardiff,cff,Wales Millenium Centre  Bute Place  Cardiff  CF10 5AL,performance,"Trumpeter, composer and broadcaster Linley Hamilton has been a leading voice on the Irish jazz scene for over three decades.  Balancing an international performing career with work as a BBC jazz broadcaster and university lecturer, he has released six acclaimed albums — from Taylor Made (2010) through to Ginger's Hollow (2023), featuring Adam Nussbaum and Mark Egan. Following a First Class...",Wales Millenium Centre,https://www.wmc.org.uk,./static/images/wmc_logo.png,62,03 Jul 2026 09:17
https://www.wmc.org.uk/en/whats-on/2026/ginger-johnson-show-pony,Ginger Johnson - Show Pony,4 - 5 September 2026,Fri 04 Sep - Sat 05 Sep,,2026-09-04,2026-09-05,,"Wales Millenium Centre, Bute Place, Cardiff, CF10 5AL",Wales Millenium Centre,Wales Millenium Centre,CF10 5AL,Cardiff,cff,Wales Millenium Centre  Bute Place  Cardiff  CF10 5AL,performance,"You've seen her in the Masterchef kitchen… You've seen her on the Drag Race runway… Now it's time to see her in her element: outrageous, untamed and completely off the reins. Following the explosive success of her smash hit 2024 tour ‘Ginger Johnson Blows Off! ', the nation's silliest sausage is back on the road with her brand new live spectacular: Show Pony! Promising high camp, low morals, and...",Wales Millenium Centre,https://www.wmc.org.uk,./static/images/wmc_logo.png,63,03 Jul 2026 09:17
https://www.wmc.org.uk/en/whats-on/2026/green-fingers,Green Fingers,4 - 5 September 2026,Fri 04 Sep - Sat 05 Sep,,2026-09-04,2026-09-05,,"Wales Millenium Centre, Bute Place, Cardiff, CF10 5AL",Wales Millenium Centre,Wales Millenium Centre,CF10 5AL,Cardiff,cff,Wales Millenium Centre  Bute Place  Cardiff  CF10 5AL,performance,"""Green Fingers"" is a theatre experience created with and for people with profound and multiple learning disabilities (PMLD). Created by Oshi's World, Green Fingers uses multi-sensory storytelling to take audiences on an immersive gardening adventure in a relaxed, responsive environment where audiences can engage with each element in their own way. Touring in 2026, this production champions...",Wales Millenium Centre,https://www.wmc.org.uk,./static/images/wmc_logo.png,63,03 Jul 2026 09:17
https://museum.wales//swansea/whatson/12597/Swansea-International-Jazz-Festival/,Swansea International Jazz Festival | Museum Wales,"5 & 6 September 2026,                     12 - 4pm","5 & 6 Sep, 12",,2026-09-05,2026-09-12,,National Waterfront Museum,Swansea,National Waterfront Museum,SA1 3RD ,Swansea,swa,National Waterfront Museum  Oystermouth Rd  Maritime Quarter  Swansea SA1 3RD ,event,"Swansea International Jazz Festival is back, presenting some of the best of local and international . ..",Museum Wales ,https://museum.wales/,./static/images/museum_wales_logo.png,64,03 Jul 2026 09:17
https://www.wmc.org.uk/en/whats-on/2026/jive-aces,Jive Aces,6 September 2026,Sun 06 Sep,,2026-09-06,2026-09-06,,"Wales Millenium Centre, Bute Place, Cardiff, CF10 5AL",Wales Millenium Centre,Wales Millenium Centre,CF10 5AL,Cardiff,cff,Wales Millenium Centre  Bute Place  Cardiff  CF10 5AL,performance,"Got the blues? Well, step right up, because The Jive Aces are bringing their swingin' show to town, and it's gonna' flip your frown upside down! When these cats burst onto the stage in their signature yellow suits, you'll be tapping your feet and grinning like a fool before you know it. This is more than just a show, it's a proper good time packed with the hottest music from sizzling swing to the...",Wales Millenium Centre,https://www.wmc.org.uk,./static/images/wmc_logo.png,65,03 Jul 2026 09:17
https://museum.wales//cardiff/whatson/12958/-Audio-Described-Tours-at-National-Museum-Cardiff--Ffasiwn-Exhibition/,Audio Described Tours At National Museum Cardiff | Ffasiwn Exhibition | Museum Wales,"10 September 2026,                     1:00pm",Thu 10 Sep,,2026-09-10,2026-09-10,,National Museum Cardiff,Cardiff,National Museum Cardiff,CF10 3NP,Cardiff,cff,National Museum Cardiff  Cardiff CF10 3NP,event,Audio Described Tour | Ffasiwn Exhibition | 10/09/2026  | 13:00This is a free tour for bli. ..,Museum Wales ,https://museum.wales/,./static/images/museum_wales_logo.png,69,03 Jul 2026 09:17
https://museum.wales//cardiff/whatson/12964/Behind-the-Scenes-New-Accessions-from-St-Patricks-Chapel-Pembrokeshire-Revealing-Early-Medieval-Wales-and-the-World/,"Behind The Scenes: New Accessions From St Patrick's Chapel, Pembrokeshire; Revealing Early Medieval Wales And The World. | Museum Wales","10 September 2026,                     2pm",Thu 10 Sep,,2026-09-10,2026-09-10,,National Museum Cardiff,Cardiff,National Museum Cardiff,CF10 3NP,Cardiff,cff,National Museum Cardiff  Cardiff CF10 3NP,event,"Explore the newly accessioned artefacts from the Early Medieval St Patrick’s Chapel, Whitesand. ..",Museum Wales ,https://museum.wales/,./static/images/museum_wales_logo.png,69,03 Jul 2026 09:17
https://www.wmc.org.uk/en/whats-on/2026/galifrey-cabaret,Galifrey Cabaret,10- 12 September 2026,Thu 10 Sep - Sat 12 Sep,,2026-09-10,2026-09-12,,"Wales Millenium Centre, Bute Place, Cardiff, CF10 5AL",Wales Millenium Centre,Wales Millenium Centre,CF10 5AL,Cardiff,cff,Wales Millenium Centre  Bute Place  Cardiff  CF10 5AL,performance,"The queerest TARDIS in space and time! Hop aboard GALLIFREY CABARET for a spectacular night of cosmic drag and variety, all inspired by the greatest TV show in the universe – DOCTOR WHO! This cult hit is coming to Cardiff. Featuring drag, stand-up, burlesque, music, and a vortex of other surprises, this huge cabaret celebrates being queer in the wild, mad, and wonderful Whoniverse. The show is...",Wales Millenium Centre,https://www.wmc.org.uk,./static/images/wmc_logo.png,69,03 Jul 2026 09:17
https://museum.wales//swansea/whatson/11840/Waterfront-Vintage-and-Makers-Market/,Waterfront Vintage And Makers Market | Museum Wales,"12 & 13 September 2026,                     10am - 4pm",Sat 12 Sep & Sun 13 Sep,,2026-09-12,2026-09-13,,National Waterfront Museum,Swansea,National Waterfront Museum,SA1 3RD ,Swansea,swa,National Waterfront Museum  Oystermouth Rd  Maritime Quarter  Swansea SA1 3RD ,event,An exciting mix of vintage delights and artisan stalls set inside the National Waterfront Museum. Wit. ..,Museum Wales ,https://museum.wales/,./static/images/museum_wales_logo.png,71,03 Jul 2026 09:17
https://cadw.gov.wales/medieval-mayhem-bowlore,Medieval Mayhem With Bowlore,Sat 12 Sep                             - Sun 13 Sep 2026,Sat 12 Sep - Sun 13 Sep,,2026-09-12,2026-09-13,,Chepstow Castle,Chepstow,Chepstow Castle,NP16 5EY,Monmouthshire,oth,Chepstow Castle  Bridge St  Chepstow NP16 5EY ,event,"Experience the sights and sounds of medieval life, as historical re-enactment group Bowlore takes over Chepstow Castle! Displays and demonstrations taking place throughout the day, with have-a-go archery and sword school for anyone who thinks they have what it takes to become a medieval knight!  Please be aware there will be an additional charge for these activities.",Cadw,https://cadw.gov.wales,./static/images/cadw_logo.png,71,03 Jul 2026 09:17
https://museum.wales//stfagans/whatson/12588/St-Fagans-Food-Festival/,St Fagans Food Festival | Museum Wales,"12 & 13 September 2026,                     10am-6pm",Sat 12 Sep & Sun 13 Sep,,2026-09-12,2026-09-13,,St Fagans National Museum of History,St. Fagans,St. Fagans,CF5 6XB,Cardiff,cff,St. Fagans  National Museum of History  Cardiff CF5 6XB,event,"A firm favourite in Wales’ foodie calendar, St Fagans will come alive with over 70 food, drink. ..",Museum Wales ,https://museum.wales/,./static/images/museum_wales_logo.png,71,03 Jul 2026 09:17
https://www.wmc.org.uk/en/whats-on/2026/in-memory-of-amy,In Memory Of Amy,13 September 2026,Sun 13 Sep,,2026-09-13,2026-09-13,,"Wales Millenium Centre, Bute Place, Cardiff, CF10 5AL",Wales Millenium Centre,Wales Millenium Centre,CF10 5AL,Cardiff,cff,Wales Millenium Centre  Bute Place  Cardiff  CF10 5AL,performance,"Anna Aarons' dedicated show in memory of the late, great Amy Winehouse celebrates its 10 year anniversary this year, as well as commemorating 15 years since the legend's passing. Not a 'typical' tribute, Aarons', joined by her 5 piece band, takes audiences on a thoughtful journey of Winehouse's catalogue, her musical influences, as well as sewing in her original music; portraying Winehouse's...",Wales Millenium Centre,https://www.wmc.org.uk,./static/images/wmc_logo.png,72,03 Jul 2026 09:17
https://www.wmc.org.uk/en/whats-on/2026/tom-ward-post-millennium-tension,Tom Ward,17 September 2026,Thu 17 Sep,,2026-09-17,2026-09-17,,"Wales Millenium Centre, Bute Place, Cardiff, CF10 5AL",Wales Millenium Centre,Wales Millenium Centre,CF10 5AL,Cardiff,cff,Wales Millenium Centre  Bute Place  Cardiff  CF10 5AL,performance,"Before Tom bails out on the modern world entirely to commit to nostalgia full-time, the burner phone using, Discman carrying, 1988-1995 obsessed freak is giving the present tense one last try. Not for him, but for his 2-year-old son who lives there. But how does 2026 compare to the one he grew up in? Tom explores the head f**k of popular culture in the modern world versus that of his youth in his...",Wales Millenium Centre,https://www.wmc.org.uk,./static/images/wmc_logo.png,76,03 Jul 2026 09:17
https://museum.wales//swansea/whatson/12955/GRAFT-Garden---Harvest-Supper-Night/,Graft Garden - Harvest Supper Night | Museum Wales,"18 September 2026,                     6.30pm - 9.30pm",Fri 18 Sep,,2026-09-18,2026-09-18,,National Waterfront Museum,Swansea,National Waterfront Museum,SA1 3RD ,Swansea,swa,National Waterfront Museum  Oystermouth Rd  Maritime Quarter  Swansea SA1 3RD ,event,"Gather with us by the fire's glow, for a unique supper experience under the stars.  Nestled amon. ..",Museum Wales ,https://museum.wales/,./static/images/museum_wales_logo.png,77,03 Jul 2026 09:17
https://cadw.gov.wales/meet-household-0,Meet The Household,Sat 19 Sep 2026,Sat 19 Sep,,2026-09-19,2026-09-19,,Plas Mawr,Cardiff,Plas Mawr,CF5 3JW,Cardiff,cff,Plas Mawr  CF5 3JW,event,The Household is back in residence this weekend.  Come and join in the fun! You do not need to book for this event.,Cadw,https://cadw.gov.wales,./static/images/cadw_logo.png,78,03 Jul 2026 09:17
https://cadw.gov.wales/strata-florida-pilgrim-walking-festival,Strata Florida Pilgrim Walking Festival,Sat 19 Sep                             - Sun 20 Sep 2026,Sat 19 Sep - Sun 20 Sep,,2026-09-19,2026-09-20,,Strata Florida Abbey,check event for location info,Cardiff,CF10 3RB,Cardiff,cff,Cardiff CF10 3RB,event,"More details on specific walks, routes and grades will be available soon on the Strata Florida Website, but you can register your interest now if you'd like to come on some of our splendid walks around the unique landscape of Strata Florida.  Booking essential - Ffurflen Cofrestru Digwyddiadau Event Registration Form 2026",Cadw,https://cadw.gov.wales,./static/images/cadw_logo.png,78,03 Jul 2026 09:17
https://www.wmc.org.uk/en/whats-on/2026/giant-steps,Giant Steps,19 September 2026,Sat 19 Sep,,2026-09-19,2026-09-19,,"Wales Millenium Centre, Bute Place, Cardiff, CF10 5AL",Wales Millenium Centre,Wales Millenium Centre,CF10 5AL,Cardiff,cff,Wales Millenium Centre  Bute Place  Cardiff  CF10 5AL,performance,"AN IMPROV COMEDY SHOW… WITH A BRILLIANT LIVE BAND! Improvisation meets improvisation as hilarious UK improv comedians and virtuoso jazz musicians inspire each other in real time into leaps of comedy and creativity. Created by comedians Max Dickins and Conor Jatter, Giant Steps features a rotating ensemble of talent from big name improv shows like Showstoppers and Austentatious, plus the best...",Wales Millenium Centre,https://www.wmc.org.uk,./static/images/wmc_logo.png,78,03 Jul 2026 09:17
https://www.wmc.org.uk/en/whats-on/2026/welsh-national-opera-bluebeards-castle-oedipus-rex,Welsh National Opera: Bluebeard's Castle + Oedipus Rex,"20 + 25 September, 2 October 2026","20 + 25 Sep, 2 Oct",,2026-09-20,2026-10-02,,"Wales Millenium Centre, Bute Place, Cardiff, CF10 5AL",Wales Millenium Centre,Wales Millenium Centre,CF10 5AL,Cardiff,cff,Wales Millenium Centre  Bute Place  Cardiff  CF10 5AL,performance,"In this powerful double bill, two extraordinary works of the 20th century are brought together in a shared world of ritual, mystery and psychological intensity. In Bluebeard's Castle, Judith leaves everything behind to be with the enigmatic Duke Bluebeard. She soon discovers his home is filled with locked doors and as she demands each one be opened, she uncovers not only the secrets of his past,...",Wales Millenium Centre,https://www.wmc.org.uk,./static/images/wmc_logo.png,79,03 Jul 2026 09:17
https://museum.wales//swansea/whatson/12252/History-and-Heritage-Fair/,History And Heritage Fair | Museum Wales,"26 & 27 September 2026,                     10am - 4pm",Sat 26 Sep & Sun 27 Sep,,2026-09-26,2026-09-27,,National Waterfront Museum,Swansea,National Waterfront Museum,SA1 3RD ,Swansea,swa,National Waterfront Museum  Oystermouth Rd  Maritime Quarter  Swansea SA1 3RD ,event,"Join us at the National Waterfront Museum for a full day of expertise, information and talks to help. ..",Museum Wales ,https://museum.wales/,./static/images/museum_wales_logo.png,85,03 Jul 2026 09:17
https://museum.wales//swansea/whatson/12635/Course-Introduction-to-Bee-Keeping-/,Course: Introduction To Bee Keeping  | Museum Wales,"26 September 2026,                     10.30am - 4pm",Sat 26 Sep,,2026-09-26,2026-09-26,,National Waterfront Museum,Swansea,National Waterfront Museum,SA1 3RD ,Swansea,swa,National Waterfront Museum  Oystermouth Rd  Maritime Quarter  Swansea SA1 3RD ,course,This fun and friendly course is suitable for complete beginners. It covers all aspects of beekeeping. ..,Museum Wales ,https://museum.wales/,./static/images/museum_wales_logo.png,85,03 Jul 2026 09:17
https://www.wmc.org.uk/en/whats-on/2026/protest-power-revolution-resistance,"Protest, Power, Revolution, Resistance",26 September 2026,Sat 26 Sep,,2026-09-26,2026-09-26,,"Wales Millenium Centre, Bute Place, Cardiff, CF10 5AL",Wales Millenium Centre,Wales Millenium Centre,CF10 5AL,Cardiff,cff,Wales Millenium Centre  Bute Place  Cardiff  CF10 5AL,performance,"Protest, Power, Revolution, Resistance is a concert with something urgent to say.    Conducted by Johanna Malangré, current Music Director of the Orchestre de Picardie in France, the programme showcases her electrifying musicality and imaginative leadership. It begins with Joan Tower's Fanfare for the Uncommon Woman, a brilliant, bracing piece for brass and percussion inspired by Copland's famous...",Wales Millenium Centre,https://www.wmc.org.uk,./static/images/wmc_logo.png,85,03 Jul 2026 09:17
https://www.wmc.org.uk/en/whats-on/2026/welsh-national-opera-la-boheme,Welsh National Opera: La Bohème,"27 September, 1 + 3 October 2026","27 Sep, 1 + 3 Oct",,2026-09-27,2026-10-03,,"Wales Millenium Centre, Bute Place, Cardiff, CF10 5AL",Wales Millenium Centre,Wales Millenium Centre,CF10 5AL,Cardiff,cff,Wales Millenium Centre  Bute Place  Cardiff  CF10 5AL,performance,"In the Latin Quarter of Paris, four young artists live for the moment, sharing what little they have; chasing big dreams and laughing through the cold. When Rodolfo meets Mimì, a quiet seamstress with a fading light, their connection is instant and unforgettable. But in a world shaped by poverty and passion, love burns brightly but all too briefly. Puccini's deeply moving masterpiece captures the...",Wales Millenium Centre,https://www.wmc.org.uk,./static/images/wmc_logo.png,86,03 Jul 2026 09:17
https://museum.wales//swansea/whatson/12943/Course-Dyeing-with-Indigo/,Course: Dyeing With Indigo | Museum Wales,"27 September 2026,                     11am - 4pm",Sun 27 Sep,,2026-09-27,2026-09-27,,National Waterfront Museum,Swansea,National Waterfront Museum,SA1 3RD ,Swansea,swa,National Waterfront Museum  Oystermouth Rd  Maritime Quarter  Swansea SA1 3RD ,course,Come and learn how to use natural indigo in this one-day workshop with Jacqui Symons from Slow Lane . ..,Museum Wales ,https://museum.wales/,./static/images/museum_wales_logo.png,86,03 Jul 2026 09:17
https://www.wmc.org.uk/en/whats-on/2026/welsh-national-opera-schools-concert,Welsh National Opera: Schools Concert,30 September 2026,Wed 30 Sep,,2026-09-30,2026-09-30,,"Wales Millenium Centre, Bute Place, Cardiff, CF10 5AL",Wales Millenium Centre,Wales Millenium Centre,CF10 5AL,Cardiff,cff,Wales Millenium Centre  Bute Place  Cardiff  CF10 5AL,performance,"Welsh National Opera's Schools Concert is back with a vibrant and welcoming introduction to live orchestral music for pupils from years three to seven. With a theme of Roman and Greek mythology, hosted by Elin Llwyd, this free concert blends well-known hits with rarer pieces, all brought to life by WNO Orchestra and a group of outstanding soloists. Offenbach's energetic Can-Can brings a sense of...",Wales Millenium Centre,https://www.wmc.org.uk,./static/images/wmc_logo.png,89,03 Jul 2026 09:17
https://www.wmc.org.uk/en/whats-on/2026/welsh-national-opera-family-concert,Welsh National Opera: Family Concert,30 September 2026,Wed 30 Sep,,2026-09-30,2026-09-30,,"Wales Millenium Centre, Bute Place, Cardiff, CF10 5AL",Wales Millenium Centre,Wales Millenium Centre,CF10 5AL,Cardiff,cff,Wales Millenium Centre  Bute Place  Cardiff  CF10 5AL,performance,"Welsh National Opera's Family Concert is back with a vibrant and welcoming introduction to live orchestral music. Hosted by Elin Llwyd, the concert blends well-known favourites brought to life by WNO Orchestra, alongside a group of outstanding soloists performing recognisable pieces for all the family.  Offenbach's energetic Can-Can brings a sense of joy and familiarity, encouraging young...",Wales Millenium Centre,https://www.wmc.org.uk,./static/images/wmc_logo.png,89,03 Jul 2026 09:17
https://cadw.gov.wales/mining-ceredigion,Mining In Ceredigion,Wed 30 Sep 2026,Wed 30 Sep,,2026-09-30,2026-09-30,,Strata Florida Abbey,check event for location info,Cardiff,CF10 3RB,Cardiff,cff,Cardiff CF10 3RB,event,"Strata Florida is working with the Metal Mines Programme to inform and educate visitors and the community about the nearby Abbey Consols Mine. Join us for a day of talks on the history and impact of the industry on the local landscape, culminating with a guided walk up to the mine itself.  Booking essential - Ffurflen Cofrestru Digwyddiadau Event Registration Form 2026",Cadw,https://cadw.gov.wales,./static/images/cadw_logo.png,89,03 Jul 2026 09:17
https://museum.wales//cardiff/whatson/12959/Sketch-Along/,Sketch Along | Museum Wales,"30 September 2026,                     2pm - 5pm",Wed 30 Sep,,2026-09-30,2026-09-30,,National Museum Cardiff,Cardiff,National Museum Cardiff,CF10 3NP,Cardiff,cff,National Museum Cardiff  Cardiff CF10 3NP,course,Discover the collection at the National Museum Cardiff in a creative and reflective drawing experien. ..,Museum Wales ,https://museum.wales/,./static/images/museum_wales_logo.png,89,03 Jul 2026 09:17
https://www.wmc.org.uk/en/whats-on/2026/hannah-horton,Hannah Horton,1 October 2026,Thu 01 Oct,,2026-10-01,2026-10-01,October,"Wales Millenium Centre, Bute Place, Cardiff, CF10 5AL",Wales Millenium Centre,Wales Millenium Centre,CF10 5AL,Cardiff,cff,Wales Millenium Centre  Bute Place  Cardiff  CF10 5AL,performance,"Stories on the Wind is the new live show from award winning saxophonist, composer and Selmer Artist Hannah Horton. Named by Jazzwise as one to watch in 2026, Hannah brings her deeply personal new album to the stage with a quartet built on lyrical melody, groove, warmth and musical storytelling. The show moves between intimate reflection and rhythmic energy, with Hannah's distinctive sound on...",Wales Millenium Centre,https://www.wmc.org.uk,./static/images/wmc_logo.png,90,03 Jul 2026 09:17
https://museum.wales//stfagans/whatson/12811/St-Fagans-Castle-Ghost-Tours-/,St Fagans Castle Ghost Tours  | Museum Wales,"1–22 October 2026,                     8pm",Thu 01 Oct – Thu 22 Oct,,2026-10-01,2026-10-22,,St Fagans National Museum of History,St. Fagans,St. Fagans,CF5 6XB,Cardiff,cff,St. Fagans  National Museum of History  Cardiff CF5 6XB,event,St Fagans Castle is a 16th Century manor house with foundations reaching back to the 13th Century th. ..,Museum Wales ,https://museum.wales/,./static/images/museum_wales_logo.png,90,03 Jul 2026 09:17
https://www.wmc.org.uk/en/whats-on/2026/michael-akadiri-dont-call-me-uncle,Michael Akadiri: Don't Call Me Uncle!,3 October 2026,Sat 03 Oct,,2026-10-03,2026-10-03,,"Wales Millenium Centre, Bute Place, Cardiff, CF10 5AL",Wales Millenium Centre,Wales Millenium Centre,CF10 5AL,Cardiff,cff,Wales Millenium Centre  Bute Place  Cardiff  CF10 5AL,performance,"Following two hit UK tours, Biggest Award in Comedy nominee and resident (junior) Doctor Michael Akadiri prescribes Cardiff with a potent dose of his latest offering, Don't Call Me Uncle! Multi-award-winning comedian Michael is proud to wear many hats: doctor, husband & father. Evidently, that list does not include uncle.   Yet, despite only being in his early 30s, “the supremely talented and...",Wales Millenium Centre,https://www.wmc.org.uk,./static/images/wmc_logo.png,92,03 Jul 2026 09:17
https://www.wmc.org.uk/en/whats-on/2026/katherine-jenkins-25-year-anniversary-tour,Katherine Jenkins 25 Year Anniversary Tour,4 October 2026,Sun 04 Oct,,2026-10-04,2026-10-04,,"Wales Millenium Centre, Bute Place, Cardiff, CF10 5AL",Wales Millenium Centre,Wales Millenium Centre,CF10 5AL,Cardiff,cff,Wales Millenium Centre  Bute Place  Cardiff  CF10 5AL,performance,"The biggest selling classical artist of this century, Katherine Jenkins OBE, has today announced a brand new 18-date UK tour for 2026, to celebrate her incredible 25 Years in music. The 25 Year Anniversary Tour is the first tour for Katherine in five years and is set to feature all her biggest hits including ‘Time To Say Goodbye', the emotional ‘Jealous of the Angels' and  ‘I Will Always Love...",Wales Millenium Centre,https://www.wmc.org.uk,./static/images/wmc_logo.png,93,03 Jul 2026 09:17
https://www.wmc.org.uk/en/whats-on/2026/jasdeep-singh-degun-x-bbc-now,Jasdeep Singh Degun X BBCNow,8 October 2026,Thu 08 Oct,,2026-10-08,2026-10-08,,"Wales Millenium Centre, Bute Place, Cardiff, CF10 5AL",Wales Millenium Centre,Wales Millenium Centre,CF10 5AL,Cardiff,cff,Wales Millenium Centre  Bute Place  Cardiff  CF10 5AL,performance,"Voices from across musical worlds come together as the BBC National Orchestra and Chorus of Wales joins composer‑sitarist Jasdeep Singh Degun for a powerful mix of Indian classical tradition and Western orchestral sound.  Featuring acclaimed soloists, reimagined operatic moments, and vibrant new works, this performance celebrates connection, creativity, and the many forms a voice can take.",Wales Millenium Centre,https://www.wmc.org.uk,./static/images/wmc_logo.png,97,03 Jul 2026 09:17
https://museum.wales//cardiff/whatson/12559/Dementia-Friendly-activity-Ffasiwn/,Dementia Friendly Activity: Ffasiwn | Museum Wales,"8 October 2026,                     1:30 – 4pm",Thu 08 Oct,,2026-10-08,2026-10-08,,National Museum Cardiff,Cardiff,National Museum Cardiff,CF10 3NP,Cardiff,cff,National Museum Cardiff  Cardiff CF10 3NP,event,"Join us at National Museum Cardiff to visit the temporary exhibition, Ffasiwn. This photography exhi. ..",Museum Wales ,https://museum.wales/,./static/images/museum_wales_logo.png,97,03 Jul 2026 09:17
https://www.wmc.org.uk/en/whats-on/2026/an-evening-with-liverpool-legend-ian-rush,An Evening With Liverpool Legend Ian Rush Mbe,12 October 2026,Mon 12 Oct,,2026-10-12,2026-10-12,,"Wales Millenium Centre, Bute Place, Cardiff, CF10 5AL",Wales Millenium Centre,Wales Millenium Centre,CF10 5AL,Cardiff,cff,Wales Millenium Centre  Bute Place  Cardiff  CF10 5AL,performance,"An Evening With Liverpool Legend Ian Rush MBE The ultimate evening of Liverpool legend Ian Rush live on stage hosted by Jed Stone. The evening will be full of entertainment and banter as you can well expect, so sit back and enjoy!    This evening will give you a full insight into his career with two spells at Liverpool becoming the highest goal scorer in history of the club, winning countless...",Wales Millenium Centre,https://www.wmc.org.uk,./static/images/wmc_logo.png,101,03 Jul 2026 09:17
https://www.wmc.org.uk/en/whats-on/2026/robert-white,Robert White,15 October 2026,Thu 15 Oct,,2026-10-15,2026-10-15,,"Wales Millenium Centre, Bute Place, Cardiff, CF10 5AL",Wales Millenium Centre,Wales Millenium Centre,CF10 5AL,Cardiff,cff,Wales Millenium Centre  Bute Place  Cardiff  CF10 5AL,performance,"Is going on tour with a brand new show! Whether you're a fan from his series of Britain's Got Talent, or you're one of his millions of online viewers but only just realising that Robert is ‘THAT' Gay Autistic Keyboard Tanktop Comedy Guy, you'll want to see his mix of songs, stories, stand up, gags, props, improvisation, interaction and all sorts of other engaging naughty nonsense besides!",Wales Millenium Centre,https://www.wmc.org.uk,./static/images/wmc_logo.png,104,03 Jul 2026 09:17
https://www.wmc.org.uk/en/whats-on/2026/the-ultimate-classic-rock-show,The Ultimate Classic Rock Show,15 October 2026,Thu 15 Oct,,2026-10-15,2026-10-15,,"Wales Millenium Centre, Bute Place, Cardiff, CF10 5AL",Wales Millenium Centre,Wales Millenium Centre,CF10 5AL,Cardiff,cff,Wales Millenium Centre  Bute Place  Cardiff  CF10 5AL,performance,"Dust off your air guitars for an evening of the very best classic rock anthems from legends past and present. Let The Ultimate Classic Rock Show take you on a roller coaster journey of classic rock nostalgia, performing hit after hit live with stunning accuracy and high energy accompanied by an incredible light and projection show, they're guaranteed to have you on your feet all night. Over two...",Wales Millenium Centre,https://www.wmc.org.uk,./static/images/wmc_logo.png,104,03 Jul 2026 09:17
https://museum.wales//cardiff/whatson/12900/An-Evening-with-Bleak-Fabulous/,An Evening With Bleak Fabulous | Museum Wales,"16 October 2026,                     7pm (Exhibition open between 8pm - 10pm)",Fri 16 Oct,,2026-10-16,2026-10-16,,National Museum Cardiff,Cardiff,National Museum Cardiff,CF10 3NP,Cardiff,cff,National Museum Cardiff  Cardiff CF10 3NP,event,"This October, join us for a special evening with Bleak Fabulous, the creative duo behind our excitin. ..",Museum Wales ,https://museum.wales/,./static/images/museum_wales_logo.png,105,03 Jul 2026 09:17
https://www.wmc.org.uk/en/whats-on/2026/midgitte-bardots-personal-spot,Midgitte Bardot's Personal Spot,16 October 2026,Fri 16 Oct,,2026-10-16,2026-10-16,,"Wales Millenium Centre, Bute Place, Cardiff, CF10 5AL",Wales Millenium Centre,Wales Millenium Centre,CF10 5AL,Cardiff,cff,Wales Millenium Centre  Bute Place  Cardiff  CF10 5AL,performance,"Don't miss the all-singing, sometime-dancing, spirited chaos of Midgitte Bardot and their special guests as Midgitte Bardot's Personal Spot comes to Cardiff for the very first time.   You can expect an evening of drag, performance art, radical weird hoo-ha, liberation from today's costly world, and a showtune or two.   Midgitte - the hilarious, subversive drag alter-ego of the supremely talented...",Wales Millenium Centre,https://www.wmc.org.uk,./static/images/wmc_logo.png,105,03 Jul 2026 09:17
https://www.wmc.org.uk/en/whats-on/2026/cabaret-template-7,The Alternative Cabaret: Musicals,17 October 2026,Sat 17 Oct,,2026-10-17,2026-10-17,,"Wales Millenium Centre, Bute Place, Cardiff, CF10 5AL",Wales Millenium Centre,Wales Millenium Centre,CF10 5AL,Cardiff,cff,Wales Millenium Centre  Bute Place  Cardiff  CF10 5AL,performance,"Songs you know, but not as you know them. Step out of the West End and forget everything you think you know about a ‘night at the musicals'. Returning to the Wales Millennium Centre Cabaret for their third offering, The Alternative Cabaret is back, and this time we're taking a deep dive into the darker corners of musical theatre. Think of us as a British Postmodern Jukebox: we're genre-bending...",Wales Millenium Centre,https://www.wmc.org.uk,./static/images/wmc_logo.png,106,03 Jul 2026 09:17
https://www.wmc.org.uk/en/whats-on/2026/odyssey-ii-amplified-and-unleashed,Odyssey Ii 'Amplified & Unleashed',18 October 2026,Sun 18 Oct,,2026-10-18,2026-10-18,,"Wales Millenium Centre, Bute Place, Cardiff, CF10 5AL",Wales Millenium Centre,Wales Millenium Centre,CF10 5AL,Cardiff,cff,Wales Millenium Centre  Bute Place  Cardiff  CF10 5AL,performance,"Live. Bold. Unleashed. This is Odyssey II. Kinetic School of Performing Arts proudly returns with 'Odyssey II: Amplified & Unleashed' – a spectacular celebration of music, movement, and raw performance energy. Featuring all Kinetic Theatre Schools, this electrifying production brings together outstanding young talent from across South Wales for one unforgettable showcase. From powerhouse vocals...",Wales Millenium Centre,https://www.wmc.org.uk,./static/images/wmc_logo.png,107,03 Jul 2026 09:17
https://www.wmc.org.uk/en/whats-on/2026/james-barr,James Barr,18 October 2026,Sun 18 Oct,,2026-10-18,2026-10-18,,"Wales Millenium Centre, Bute Place, Cardiff, CF10 5AL",Wales Millenium Centre,Wales Millenium Centre,CF10 5AL,Cardiff,cff,Wales Millenium Centre  Bute Place  Cardiff  CF10 5AL,performance,"Domestic abuse isn't funny, but this show is. Trailblazing comedian James Barr is going on tour around the UK with a bold, ""genre-defying"" (ArtsHub) hour of stand-up. A darkly hilarious reckoning with shame, survival and a pushy-wushy down the stairsy-wairsy. Nominee for Best Show at the ISH Edinburgh Comedy Awards, NextUp's Biggest Award in Comedy and the Queer Performers Award at the 2025...",Wales Millenium Centre,https://www.wmc.org.uk,./static/images/wmc_logo.png,107,03 Jul 2026 09:17
https://www.wmc.org.uk/en/whats-on/2026/rachel-fairburn-vexy-beasts,Rachel Fairburn: Vexy Beasts,22 October 2026,Thu 22 Oct,,2026-10-22,2026-10-22,,"Wales Millenium Centre, Bute Place, Cardiff, CF10 5AL",Wales Millenium Centre,Wales Millenium Centre,CF10 5AL,Cardiff,cff,Wales Millenium Centre  Bute Place  Cardiff  CF10 5AL,performance,"Hot on the heels of her critically acclaimed 2025 show Side Eye, Rachel Fairburn is back with new personalities and some old favourites for you to love and hate.  Expect nepo babies, middle class rock stars, terrifying mothers, biting social commentary and lots of big laughs. Co-host of International smash hit podcast All Killa No Filla and as seen on Live at the Apollo (BBC Two), Alan Davies: As...",Wales Millenium Centre,https://www.wmc.org.uk,./static/images/wmc_logo.png,111,03 Jul 2026 09:17
https://www.wmc.org.uk/en/whats-on/2026/a-vaguely-spoooooky-halloween,A Vaguely Spoooooky Halloween,23 October 2026,Fri 23 Oct,,2026-10-23,2026-10-23,,"Wales Millenium Centre, Bute Place, Cardiff, CF10 5AL",Wales Millenium Centre,Wales Millenium Centre,CF10 5AL,Cardiff,cff,Wales Millenium Centre  Bute Place  Cardiff  CF10 5AL,performance,"You're summoned to a night of cabaret-tinged Halloween warm-up chaos: part gig, part glorious curveball. Expect an eclectic set of originals, left field covers and a couple of Halloween classics, served with theatrical flair, an unpredictable MC and a touch of bedevilment. We'll be worshiping the most Halloween-y outfit, so come dressed to dismember! But be prepared. .. you never know what might...",Wales Millenium Centre,https://www.wmc.org.uk,./static/images/wmc_logo.png,112,03 Jul 2026 09:17
https://www.wmc.org.uk/en/whats-on/2026/gagged-october,Gagged! A Queer Comedy Night,25 October 2026,Sun 25 Oct,,2026-10-25,2026-10-25,,"Wales Millenium Centre, Bute Place, Cardiff, CF10 5AL",Wales Millenium Centre,Wales Millenium Centre,CF10 5AL,Cardiff,cff,Wales Millenium Centre  Bute Place  Cardiff  CF10 5AL,performance,"Cabaret & Little Wander presents GAGGED! - a Queer Comedy Night! Get ready for a night of big laughs and bold voices as GAGGED brings the best of the best from the UK's Queer stand-up circuit to Cardiff Bay! Hosted by the fabulous Lee Peart, expect an evening packed with sharp wit, camp chaos, and unapologetically queer comedy. Come out, grab a drink, and get GAGGED with laughter!",Wales Millenium Centre,https://www.wmc.org.uk,./static/images/wmc_logo.png,114,03 Jul 2026 09:17
https://www.wmc.org.uk/en/whats-on/2026/aberfan-60,Aberfan 60,25 October 2026,Sun 25 Oct,,2026-10-25,2026-10-25,,"Wales Millenium Centre, Bute Place, Cardiff, CF10 5AL",Wales Millenium Centre,Wales Millenium Centre,CF10 5AL,Cardiff,cff,Wales Millenium Centre  Bute Place  Cardiff  CF10 5AL,performance,"REMEMBRANCE · COMMUNITY · HOPE Marking the 60 years since the Aberfan disaster, this concert is anchored by Paul Mealor's newly commissioned From Darkness into Light: a concert requiem for hope, bringing together Mark Lewis Jones, Aberfan Schools Choirs, Ynysowen Male Voice Choir, and the BBC National Chorus of Wales in an act of remembrance. Framing this centrepiece is music that moves from...",Wales Millenium Centre,https://www.wmc.org.uk,./static/images/wmc_logo.png,114,03 Jul 2026 09:17
https://www.wmc.org.uk/en/whats-on/2026/framerate,Framerate: Pulse Of The Earth,27 October 2026 –  10 January 2027,Tue 27 Oct – Sun 10 Jan 2027,,2026-10-27,2027-01-10,,"Wales Millenium Centre, Bute Place, Cardiff, CF10 5AL",Wales Millenium Centre,Wales Millenium Centre,CF10 5AL,Cardiff,cff,Wales Millenium Centre  Bute Place  Cardiff  CF10 5AL,performance,FRAMERATE: Pulse of the Earth's hypnotic imagery bears witness to landscapes in flux. The impact of human behaviour and the immense force of nature unfolds around you across an array of screens. This is a space where your perspective may shift. FRAMERATE: Pulse of the Earth is the first in the FRAMERATE series. The work reveals alterations caused by human-centred industry and the rhythms of the...,Wales Millenium Centre,https://www.wmc.org.uk,./static/images/wmc_logo.png,116,03 Jul 2026 09:17
https://www.rctcbc.gov.uk//EN/Events/Archive/2026/October/HalloweenSpooktacular.aspx,Halloween Spooktacular,Wednesday 28 - Friday 30 October 2026,Wed 28 Oct - Fri 30 Oct,,2026-10-28,2026-10-30,,ERROR: content not found (tag_attr),check event for location info,Rhondda Cynon Taf,CF15,Rhondda Cynon Taf,rct,Rhondda Cynon Taf CF15,event,"Get the chills this Halloween at Rhondda Heritage Park! We're back this year with THREE days of spooky fun for all the family including the abandoned underground mine and a host of ghoulish activities, come along for our daytime or twilight sessions.",Rhondda Cynon Taf,https://www.rctcbc.gov.uk/,./static/images/rct_logo.png,117,03 Jul 2026 09:17
https://www.wmc.org.uk/en/whats-on/2026/harriet-kemsley,Harriet Kemsley,29 October 2026,Thu 29 Oct,,2026-10-29,2026-10-29,,"Wales Millenium Centre, Bute Place, Cardiff, CF10 5AL",Wales Millenium Centre,Wales Millenium Centre,CF10 5AL,Cardiff,cff,Wales Millenium Centre  Bute Place  Cardiff  CF10 5AL,performance,"Harriet's life has been in constant chaos for as long as she can remember. So what happens when things start to go right for the multi-award winning stand-up comedian?   Following her eye opening appearance on Last One Laughing UK, Harriet is back on tour with a new show about dating, mushrooms and how she's trying her absolute best to be a bit of a floozy. As seen and heard on Live at the...",Wales Millenium Centre,https://www.wmc.org.uk,./static/images/wmc_logo.png,118,03 Jul 2026 09:17
https://www.wmc.org.uk/en/whats-on/2026/halloween-spooktacular,Halloween Spooktacular,31 October 2026,Sat 31 Oct,,2026-10-31,2026-10-31,,"Wales Millenium Centre, Bute Place, Cardiff, CF10 5AL",Wales Millenium Centre,Wales Millenium Centre,CF10 5AL,Cardiff,cff,Wales Millenium Centre  Bute Place  Cardiff  CF10 5AL,performance,"SPOOKY · THRILLING · FUN  Join us this Halloween for our much loved Halloween Spooktacular! Bring the whole family for an afternoon adventure packed with Halloween favourites and delightfully mysterious music. Expect spine tingling moments, big orchestral sound, and plenty of fun as the orchestra conjures up ghosts, goblins and grins. Dressing up is part of the fun, so pop on your best costume...",Wales Millenium Centre,https://www.wmc.org.uk,./static/images/wmc_logo.png,120,03 Jul 2026 09:17
https://www.rctcbc.gov.uk//EN/Events/Archive/2026/November/FestivalofRemembranceConcert.aspx,Festival Of Remembrance Concert,Sunday 1 November 2026,Sun 01 Nov,,2026-11-01,2026-11-01,November,Pontypridd,check event for location info,Rhondda Cynon Taf,CF15,Rhondda Cynon Taf,rct,Rhondda Cynon Taf CF15,event,The beginning of November is a time for remembrance as services and concerts are held all over the country to commemorate the contribution of British and Commonwealth military and civilian servicemen and women in the two World Wars and later conflicts.,Rhondda Cynon Taf,https://www.rctcbc.gov.uk/,./static/images/rct_logo.png,121,03 Jul 2026 09:17
https://www.wmc.org.uk/en/whats-on/2026/owain-and-henry,Owain & Henry,5 - 28 November 2026,Thu 05 Nov - Sat 28 Nov,,2026-11-05,2026-11-28,,"Wales Millenium Centre, Bute Place, Cardiff, CF10 5AL",Wales Millenium Centre,Wales Millenium Centre,CF10 5AL,Cardiff,cff,Wales Millenium Centre  Bute Place  Cardiff  CF10 5AL,performance,Want to read this page in Welsh? Click here,Wales Millenium Centre,https://www.wmc.org.uk,./static/images/wmc_logo.png,125,03 Jul 2026 09:17
https://www.wmc.org.uk/en/whats-on/2026/laura-lexx,Laura Lexx: Yo-Yo Tour,6 November 2026,Fri 06 Nov,,2026-11-06,2026-11-06,,"Wales Millenium Centre, Bute Place, Cardiff, CF10 5AL",Wales Millenium Centre,Wales Millenium Centre,CF10 5AL,Cardiff,cff,Wales Millenium Centre  Bute Place  Cardiff  CF10 5AL,performance,"In a 10 year marriage eventually your partner sees it all. Every bad idea. Every silly decision. Every unfiltered thought, and somehow, they still say they love you. The real twist is that somewhere along the way, you have to believe them. And maybe, just maybe. . you learn to love yourself too. Fresh off the success of her critically acclaimed show ‘Slinky' (Winner of Best Show at the Women in...",Wales Millenium Centre,https://www.wmc.org.uk,./static/images/wmc_logo.png,126,03 Jul 2026 09:17
https://www.rctcbc.gov.uk//EN/Events/Archive/2026/November/RemembranceSunday.aspx,Remembrance Sunday,Sunday 8 November 2026,Sun 08 Nov,,2026-11-08,2026-11-08,,Ynysangharad War Memorial Park,Pontypridd,Ynysangharad War Memorial Park,CF37 4PD,Rhondda Cynon Taf,rct,Ynysangharad War Memorial Park  Pontypridd  CF37 4PD,event,"Commemorate the service and sacrifice of all those who fought to defend our freedoms in World Wars and later conflicts with a parade around Ynysangharad War Memorial Park, followed by a service at the war memorial.",Rhondda Cynon Taf,https://www.rctcbc.gov.uk/,./static/images/rct_logo.png,128,03 Jul 2026 09:17
https://www.wmc.org.uk/en/whats-on/2026/war-and-peace,War And Peace,11 November 2026,Wed 11 Nov,,2026-11-11,2026-11-11,,"Wales Millenium Centre, Bute Place, Cardiff, CF10 5AL",Wales Millenium Centre,Wales Millenium Centre,CF10 5AL,Cardiff,cff,Wales Millenium Centre  Bute Place  Cardiff  CF10 5AL,performance,"ELEGY JOURNEY RESILIENCE  War and peace meet in music of remembrance, journeying, and hardwon joy. Ravel opens with Le Tombeau de Couperin, his 1917 suite reimagined for orchestra: Baroque dance forms refracted through glittering colour, sudden shifts of light and delicately layered sound.  Vaughan Williams then turns inward with Songs of Travel, sung here by baritone Steffan Lloyd Owen, tales of...",Wales Millenium Centre,https://www.wmc.org.uk,./static/images/wmc_logo.png,131,03 Jul 2026 09:17
https://museum.wales//cardiff/whatson/12921/Worn-Stories-A-Ffasiwn-Creative-Writing-Workshop-with-Rosie-Findlay/,Worn Stories: A Ffasiwn Creative Writing Workshop With Rosie Findlay | Museum Wales,"11 November 2026,                     2pm - 4pm",Wed 11 Nov,,2026-11-11,2026-11-11,,National Museum Cardiff,Cardiff,National Museum Cardiff,CF10 3NP,Cardiff,cff,National Museum Cardiff  Cardiff CF10 3NP,course,"This November, join us for a special series of creative workshops alongside our exciting new photogr. ..",Museum Wales ,https://museum.wales/,./static/images/museum_wales_logo.png,131,03 Jul 2026 09:17
https://www.wmc.org.uk/en/whats-on/2026/the-rock-and-roll-magic-show,The Rock & Roll Magic Show,12 November 2026,Thu 12 Nov,,2026-11-12,2026-11-12,,"Wales Millenium Centre, Bute Place, Cardiff, CF10 5AL",Wales Millenium Centre,Wales Millenium Centre,CF10 5AL,Cardiff,cff,Wales Millenium Centre  Bute Place  Cardiff  CF10 5AL,performance,"‘Will Leave you amazed and singing along… Don't Miss Out! ' Arron was on Britain's Got Talent… Now he wants REVENGE!   Join London's West End's Rockstar Magician Arron Jones, as he sticks it to Simon Cowell by performing a magic trick so face meltingly amazing it soars to #1 in the UK singles chart. Is it possible? Not without your help!   The Rock & Roll Magic Show is BURSTING at the seams with...",Wales Millenium Centre,https://www.wmc.org.uk,./static/images/wmc_logo.png,132,03 Jul 2026 09:17
https://www.wmc.org.uk/en/whats-on/2026/christopher-hall-pizazz,Christopher Hall - Pizazz,13 & 14 November 2026,Fri 13 Nov & Sat 14 Nov,,2026-11-13,2026-11-14,,"Wales Millenium Centre, Bute Place, Cardiff, CF10 5AL",Wales Millenium Centre,Wales Millenium Centre,CF10 5AL,Cardiff,cff,Wales Millenium Centre  Bute Place  Cardiff  CF10 5AL,performance,"Showman, Jester, Attention Chaser, come with Chris on the ultimate hometown holiday night out.  From your 1. 5-star hotel, he'll give you a hilariously fun soirée and have you tucked up back in bed at a sensible time. Christopher Hall, once first on the dancefloor and last on the night bus is now in his early mid 30s (very different to the late early's) and reflecting on his younger...",Wales Millenium Centre,https://www.wmc.org.uk,./static/images/wmc_logo.png,133,03 Jul 2026 09:17
https://www.wmc.org.uk/en/whats-on/2026/tez-ilyas-tez-things-i-hate-about-you,Tez Ilyas: Tez Things I Hate About You,21 November 2026,Sat 21 Nov,,2026-11-21,2026-11-21,,"Wales Millenium Centre, Bute Place, Cardiff, CF10 5AL",Wales Millenium Centre,Wales Millenium Centre,CF10 5AL,Cardiff,cff,Wales Millenium Centre  Bute Place  Cardiff  CF10 5AL,performance,"The grumpiest uncle in showbiz is back. Fresh from travelling the world (and smashing it as a top husband and bunny-stepdad), the UK's leading de-influencer returns with a brand-new stand-up show. Expect fresh jokes, furious rants, and ridiculous stories — all delivered with Tez's trademark smart, silly, and subversive humour. Star of: Man Like Mobeen (BBC Three), Live at the Apollo (BBC Two),...",Wales Millenium Centre,https://www.wmc.org.uk,./static/images/wmc_logo.png,141,03 Jul 2026 09:17
https://www.rctcbc.gov.uk//EN/Events/Archive/2026/November/Santa'sToyMine.aspx,Santa's Toy Mine,Saturday 21 November - Thursday 24 December 2026,Sat 21 Nov - Thu 24 Dec,,2026-11-21,2026-12-24,,ERROR: content not found (tag_attr),check event for location info,Rhondda Cynon Taf,CF15,Rhondda Cynon Taf,rct,Rhondda Cynon Taf CF15,event,"Santa's annual visit to the Rhondda Heritage Park is always the most wonderful time of the year. Get ready for a magical underground adventure, meet and greet and more running right up until Christmas Eve! Tickets will go on sale in September and will sell out FAST so keep an eye on our website and social media for announcements!",Rhondda Cynon Taf,https://www.rctcbc.gov.uk/,./static/images/rct_logo.png,141,03 Jul 2026 09:17
https://www.rctcbc.gov.uk//EN/Events/Archive/2026/November/ChristmasTownCentreEvents.aspx,Christmas Town Centre Events,Saturday 21 November - Friday 25 December 2026,Sat 21 Nov - Fri 25 Dec,,2026-11-21,2026-12-25,,ERROR: content not found (tag_attr),check event for location info,Rhondda Cynon Taf,CF15,Rhondda Cynon Taf,rct,Rhondda Cynon Taf CF15,event,The magic of Christmas returns to RCTCBC town centres this Christmas and we'll be ready to light up our towns with activities and fun for all the family! Will you be there? Dates and locations will be released closer to the time!,Rhondda Cynon Taf,https://www.rctcbc.gov.uk/,./static/images/rct_logo.png,141,03 Jul 2026 09:17
https://www.wmc.org.uk/en/whats-on/2026/sooz-kempner-imposter,Sooz Kempner: Imposter,22 November 2026,Sun 22 Nov,,2026-11-22,2026-11-22,,"Wales Millenium Centre, Bute Place, Cardiff, CF10 5AL",Wales Millenium Centre,Wales Millenium Centre,CF10 5AL,Cardiff,cff,Wales Millenium Centre  Bute Place  Cardiff  CF10 5AL,performance,"Award-winning comedian Sooz Kempner (Doom in Doctor Who's Doom's Day, The Now Show) has always felt a little like an imposter. Except in one area: singing! She could always rely on THAT. But when Sooz's voice suddenly stopped working the way it always had before, she had to face her imposter syndrome head-on and find out once and for all: is it imposter syndrome, or is she truly an imposter? A...",Wales Millenium Centre,https://www.wmc.org.uk,./static/images/wmc_logo.png,142,03 Jul 2026 09:17
https://museum.wales//cardiff/whatson/12920/Facing-Images-A-Ffasiwn-Creative-Writing-Workshop-with-Alix-Beeston/,Facing Images: A Ffasiwn Creative Writing Workshop With Alix Beeston | Museum Wales,"25 November 2026,                     2pm - 4pm",Wed 25 Nov,,2026-11-25,2026-11-25,,National Museum Cardiff,Cardiff,National Museum Cardiff,CF10 3NP,Cardiff,cff,National Museum Cardiff  Cardiff CF10 3NP,course,"This November, join us for a special series of creative workshops alongside our exciting new photogr. ..",Museum Wales ,https://museum.wales/,./static/images/museum_wales_logo.png,145,03 Jul 2026 09:17
https://www.wmc.org.uk/en/whats-on/2026/bbc-now-now,BBCNow - Now!,26 November 2026,Thu 26 Nov,,2026-11-26,2026-11-26,,"Wales Millenium Centre, Bute Place, Cardiff, CF10 5AL",Wales Millenium Centre,Wales Millenium Centre,CF10 5AL,Cardiff,cff,Wales Millenium Centre  Bute Place  Cardiff  CF10 5AL,performance,"DISCOVERY MOMENTUM EXPRESSION  This boldly imaginative programme, conducted by Simon Crawford-Phillips, brings three distinctive voices of contemporary music to the fore, framed by two major UK premieres and a world premiere. HK Gruber's Short Stories from the Vienna Woods opens the evening with a series of sharply characterised musical illustrations, by turns playful, ironic and darkly...",Wales Millenium Centre,https://www.wmc.org.uk,./static/images/wmc_logo.png,146,03 Jul 2026 09:17
https://cadw.gov.wales/edwyrdian-tales-ghost-stories-christmas,Edwyrdian Tales - Ghost Stories For Christmas,Fri 27 Nov 2026,Fri 27 Nov,,2026-11-27,2026-11-27,,Castell Coch,Cardiff,Castell Coch,CF15 7JS,Cardiff,cff,Castell Coch  Cardiff CF15 7JS ,event,"Join Edwyrdian Tales for an evening of haunting ghost stories set during ChristmastideA one-man performance, directed and haunted by Matthew Wood. This year our night of festive spirits features terrors from classic authors of the age… H. R. Wakefield, Algernon Blackwood and an original tale from the pen of our storyteller.  Bone chilling tales to conjure the spirits of Christmas. .. Suitable for...",Cadw,https://cadw.gov.wales,./static/images/cadw_logo.png,147,03 Jul 2026 09:17
https://cadw.gov.wales/edwyrdian-tales-ghost-stories-christmas-0,Edwyrdian Tales - Ghost Stories For Christmas,Sat 28 Nov 2026,Sat 28 Nov,,2026-11-28,2026-11-28,,Caerphilly Castle,Caerphilly,Caerphilly Castle,CF83 1NZ,Caerphilly,oth,Caerphilly Castle  Castle Street  Caerphilly  Wales  CF83 1NZ,event,"Join Edwyrdian Tales for an evening of haunting ghost stories set during ChristmastideA one-man performance, directed and haunted by Matthew Wood. This year our night of festive spirits features terrors from classic authors of the age… H. R. Wakefield, Algernon Blackwood and an original tale from the pen of our storyteller.  Bone chilling tales to conjure the spirits of Christmas. .. Suitable for...",Cadw,https://cadw.gov.wales,./static/images/cadw_logo.png,148,03 Jul 2026 09:17
https://museum.wales//bigpit/whatson/12960/Santa-Underground-300ft-of-Christmas-Magic/,Santa Underground: 300ft Of Christmas Magic | Museum Wales,"28–29 November &  5–6 December 2026,                     10am - 4pm",28 – 29 Nov & 5 – 6 Dec,,2026-11-28,2026-12-06,,Big Pit National Coal Museum,Blaenavon,Big Pit,NP4 9XP,Torfaen,oth,Big Pit  National Coal Museum  Pontypool NP4 9XP,event,Lights twinkle against old stone walls and Santa waits to hear Christmas wishes.   Families. ..,Museum Wales ,https://museum.wales/,./static/images/museum_wales_logo.png,148,03 Jul 2026 09:17
https://museum.wales//bigpit/whatson/12961/Storytime-with-Mother-Christmas-/,Storytime With Mother Christmas  | Museum Wales,"28–29 November &  5–6 December 2026,                     10am - 4pm",28 – 29 Nov & 5 – 6 Dec,,2026-11-28,2026-12-06,,Big Pit National Coal Museum,Blaenavon,Big Pit,NP4 9XP,Torfaen,oth,Big Pit  National Coal Museum  Pontypool NP4 9XP,event,Mother Christmas and the Elves will be visiting Big Pit this year.   A warm welcome awaits . ..,Museum Wales ,https://museum.wales/,./static/images/museum_wales_logo.png,148,03 Jul 2026 09:17
https://www.wmc.org.uk/en/whats-on/2026/mamma-mia,Mamma Mia!,30 November – 5 December 2026,Mon 30 Nov – Sat 05 Dec,,2026-11-30,2026-12-05,,"Wales Millenium Centre, Bute Place, Cardiff, CF10 5AL",Wales Millenium Centre,Wales Millenium Centre,CF10 5AL,Cardiff,cff,Wales Millenium Centre  Bute Place  Cardiff  CF10 5AL,performance,"Join us at MAMMA MIA! and enjoy the ultimate feel-good factor at the world's sunniest and most exhilarating smash-hit musical in Cardiff from 30 November 2026 for one week only! Set on a Greek island paradise, a story of love, friendship and identity is cleverly told through the timeless songs of ABBA.",Wales Millenium Centre,https://www.wmc.org.uk,./static/images/wmc_logo.png,150,03 Jul 2026 09:17
https://www.wmc.org.uk/en/whats-on/2026/tchaikovskys-nutcracker,Tchaikovsky's Nutcracker,3 December 2026,Thu 03 Dec,,2026-12-03,2026-12-03,December,"Wales Millenium Centre, Bute Place, Cardiff, CF10 5AL",Wales Millenium Centre,Wales Millenium Centre,CF10 5AL,Cardiff,cff,Wales Millenium Centre  Bute Place  Cardiff  CF10 5AL,performance,"MAGIC WONDER DELIGHTFUL A festive, family friendly celebration of Seasonal classics, conducted by Luis Castillo Briceño. The evening opens with the magical Prelude from Humperdinck's Hänsel und Gretel, where folk inspired melodies and glowing orchestral colours bring the fairy tale forest vividly to life. Frank Bridge's sparkling Christmas Dance “Sir Roger de Coverley” follows, a whirlwind of...",Wales Millenium Centre,https://www.wmc.org.uk,./static/images/wmc_logo.png,153,03 Jul 2026 09:17
https://www.wmc.org.uk/en/whats-on/2026/camille-osullivan-loveletter,Camille O'sullivan - Loveletter,3 - 5 December 2026,Thu 03 Dec - Sat 05 Dec,,2026-12-03,2026-12-05,,"Wales Millenium Centre, Bute Place, Cardiff, CF10 5AL",Wales Millenium Centre,Wales Millenium Centre,CF10 5AL,Cardiff,cff,Wales Millenium Centre  Bute Place  Cardiff  CF10 5AL,performance,"A love letter in song, Camille's celebrates dear friend Shane MacGowan, Sinéad O'Connor, David Bowie, Radiohead, Brel, Nick Cave and more. Chameleon-like on stage, each song has a different character with its story to tell. Camille with long-time collaborator Feargal Murray has created an intimate, heartfelt show with a little bit of joyful, mad chaos as her life unravels, capturing the honest...",Wales Millenium Centre,https://www.wmc.org.uk,./static/images/wmc_logo.png,153,03 Jul 2026 09:17
https://www.wmc.org.uk/en/whats-on/2026/matilda-the-musical,Matilda The Musical,9 December 2026 - 17 January 2027,Wed 09 Dec - Sun 17 Jan 2027,,2026-12-09,2027-01-17,,"Wales Millenium Centre, Bute Place, Cardiff, CF10 5AL",Wales Millenium Centre,Wales Millenium Centre,CF10 5AL,Cardiff,cff,Wales Millenium Centre  Bute Place  Cardiff  CF10 5AL,performance,"Following the sellout success of its first tour in 2018/19, Matilda The Musical, the multi-award winning musical from the Royal Shakespeare Company, inspired by the beloved book by Roald Dahl, is heading back out on tour across the UK and Ireland. In celebration of 15 years on stage since opening at the Courtyard Theatre in Stratford-upon-Avon, and following performances in 100 cities across 17...",Wales Millenium Centre,https://www.wmc.org.uk,./static/images/wmc_logo.png,159,03 Jul 2026 09:17
https://www.wmc.org.uk/en/whats-on/2026/barrylesque,Barrylesque,16 December 2026 - 2 January 2027,Wed 16 Dec - Sat 02 Jan 2027,,2026-12-16,2027-01-02,,"Wales Millenium Centre, Bute Place, Cardiff, CF10 5AL",Wales Millenium Centre,Wales Millenium Centre,CF10 5AL,Cardiff,cff,Wales Millenium Centre  Bute Place  Cardiff  CF10 5AL,performance,"Hold on to your paper hats and fizz. .. This Christmas, Wales Millennium Centre is bringing you the most glamorous, most outrageous and most unmissably Welsh night out of the festive season. Barrylesque is a drag cabaret spectacular that takes the beloved world of Gavin & Stacey and gives it the full Barry Island treatment. Featuring all your fave characters, reimagined as larger-than-life drag...",Wales Millenium Centre,https://www.wmc.org.uk,./static/images/wmc_logo.png,166,03 Jul 2026 09:17
https://www.wmc.org.uk/en/whats-on/2026/the-magic-of-christmas,The Magic Of Christmas,18 December 2026,Fri 18 Dec,,2026-12-18,2026-12-18,,"Wales Millenium Centre, Bute Place, Cardiff, CF10 5AL",Wales Millenium Centre,Wales Millenium Centre,CF10 5AL,Cardiff,cff,Wales Millenium Centre  Bute Place  Cardiff  CF10 5AL,performance,"Celebrate the season with an uplifting evening of music as we bring you our Christmas Celebration concerts, filled with warmth, joy, and sparkle. This festive programme brings together much‑loved seasonal favourites alongside orchestral showpieces that capture the magic of Christmas. Perfect for families, friends, and all who enjoy marking Christmas through music, this concert offers a chance to...",Wales Millenium Centre,https://www.wmc.org.uk,./static/images/wmc_logo.png,168,03 Jul 2026 09:17
https://www.wmc.org.uk/en/whats-on/2027/tchaikovsky-5,Tchaikovsky 5,7 January 2027,Thu 07 Jan 2027,,2027-01-07,2027-01-07,January 2027,"Wales Millenium Centre, Bute Place, Cardiff, CF10 5AL",Wales Millenium Centre,Wales Millenium Centre,CF10 5AL,Cardiff,cff,Wales Millenium Centre  Bute Place  Cardiff  CF10 5AL,performance,"This richly coloured concert is conducted by Principal Guest Conductor Jaime Martín and brings together music of atmosphere, virtuosity and symphonic power. Grace Williams' Sea Sketches opens the evening, capturing the character of the Welsh coastline in music of freshness, colour and flowing movement. The focus then turns to harpist Mared Pugh‑Evans, soloist in Henriette Renié's Harp Concerto, a...",Wales Millenium Centre,https://www.wmc.org.uk,./static/images/wmc_logo.png,188,03 Jul 2026 09:17
https://www.wmc.org.uk/en/whats-on/2027/strauss-and-wagner,Strauss & Wagner,17 January 2027,Sun 17 Jan 2027,,2027-01-17,2027-01-17,,"Wales Millenium Centre, Bute Place, Cardiff, CF10 5AL",Wales Millenium Centre,Wales Millenium Centre,CF10 5AL,Cardiff,cff,Wales Millenium Centre  Bute Place  Cardiff  CF10 5AL,performance,"Strauss & Wagner: two towering figures at the height of their expressive powers.   Richard Strauss's Four Last Songs, composed in 1948, a year before his death, stand as one of the most luminous farewells in all music. Setting deeply contemplative texts, Strauss reflects on love, transience and release, drawing the listener into what he called “the magic circle of the night. ”   After the...",Wales Millenium Centre,https://www.wmc.org.uk,./static/images/wmc_logo.png,198,03 Jul 2026 09:17
https://www.wmc.org.uk/en/whats-on/2027/paranormalactivity,Paranormal Activity,19 – 23 January 2027,Tue 19 Jan 2027 – Sat 23 Jan 2027,,2027-01-19,2027-01-23,,"Wales Millenium Centre, Bute Place, Cardiff, CF10 5AL",Wales Millenium Centre,Wales Millenium Centre,CF10 5AL,Cardiff,cff,Wales Millenium Centre  Bute Place  Cardiff  CF10 5AL,performance,"Direct from a sold out West End run. James and Lou move from Chicago to London to escape their past, but they soon discover that places aren't haunted, people are. ..",Wales Millenium Centre,https://www.wmc.org.uk,./static/images/wmc_logo.png,200,03 Jul 2026 09:17
https://www.wmc.org.uk/en/whats-on/2027/trainspotting-the-musical,Trainspotting: The Musical,25 - 30 January 2027,Mon 25 Jan 2027 - Sat 30 Jan 2027,,2027-01-25,2027-01-30,,"Wales Millenium Centre, Bute Place, Cardiff, CF10 5AL",Wales Millenium Centre,Wales Millenium Centre,CF10 5AL,Cardiff,cff,Wales Millenium Centre  Bute Place  Cardiff  CF10 5AL,performance,"On sale to Partner and Partner Awen members 11 May, 10am On sale to Ffrind members 13 May, 10am On sale to groups 14 May, 10am On sale to the public 15 May, 10am",Wales Millenium Centre,https://www.wmc.org.uk,./static/images/wmc_logo.png,206,03 Jul 2026 09:17
https://www.wmc.org.uk/en/whats-on/2027/cities-of-sound-new-york-berlin-vienna,"Cities Of Sound: New York, Berlin, Vienna",28 January 2027,Thu 28 Jan 2027,,2027-01-28,2027-01-28,,"Wales Millenium Centre, Bute Place, Cardiff, CF10 5AL",Wales Millenium Centre,Wales Millenium Centre,CF10 5AL,Cardiff,cff,Wales Millenium Centre  Bute Place  Cardiff  CF10 5AL,performance,"From Mozart's classical brilliance to the bold energy of twentieth century modernism, this programme crackles with theatrical flair and rhythmic drive.   Conductor Anna Rakitina leads a richly varied evening that opens with a suite from Elena Langer's Figaro Gets a Divorce, a witty and expressive sequel to Mozart's operatic world. Mozart himself follows with the radiant Piano Concerto No. 21, its...",Wales Millenium Centre,https://www.wmc.org.uk,./static/images/wmc_logo.png,209,03 Jul 2026 09:17
https://www.wmc.org.uk/en/whats-on/2027/the-full-monty-2027,The Full Monty,2 - 6 February 2027,Tue 02 Feb 2027 - Sat 06 Feb 2027,,2027-02-02,2027-02-06,February 2027,"Wales Millenium Centre, Bute Place, Cardiff, CF10 5AL",Wales Millenium Centre,Wales Millenium Centre,CF10 5AL,Cardiff,cff,Wales Millenium Centre  Bute Place  Cardiff  CF10 5AL,performance,"Sometimes you have to bare everything! Celebrating the 30th Anniversary of the iconic film that took British cinema by storm, The Everyman Theatre, Cheltenham and Buxton Opera House in association with Mark Goucher and David Pugh present The Full Monty, live on stage. Back by popular demand, the boys are returning with a major national tour!",Wales Millenium Centre,https://www.wmc.org.uk,./static/images/wmc_logo.png,214,03 Jul 2026 09:17
https://www.wmc.org.uk/en/whats-on/2027/dan-and-phil,Dan & Phil,14 February  2027,Sun 14 Feb 2027,,2027-02-14,2027-02-14,,"Wales Millenium Centre, Bute Place, Cardiff, CF10 5AL",Wales Millenium Centre,Wales Millenium Centre,CF10 5AL,Cardiff,cff,Wales Millenium Centre  Bute Place  Cardiff  CF10 5AL,performance,"Dan & Phil: Hard Launch World Tour Dan and Phil finally hard launched and are crash landing in a city near you. In this unhinged and unafraid new era, join Dan and Phil live with their explosive new stage show for a much-needed night of outrageous oversharing, scream-laughing, and celebrating that we're all still here and we made it. This show is for everyone - from casual male-podcast listeners,...",Wales Millenium Centre,https://www.wmc.org.uk,./static/images/wmc_logo.png,226,03 Jul 2026 09:17
https://www.wmc.org.uk/en/whats-on/2027/blood-brothers,Blood Brothers,16 - 20 February 2027,Tue 16 Feb 2027 - Sat 20 Feb 2027,,2027-02-16,2027-02-20,,"Wales Millenium Centre, Bute Place, Cardiff, CF10 5AL",Wales Millenium Centre,Wales Millenium Centre,CF10 5AL,Cardiff,cff,Wales Millenium Centre  Bute Place  Cardiff  CF10 5AL,performance,"Written by Willy Russell, the legendary BLOOD BROTHERS tells the captivating and moving tale of twins who, separated at birth, grow up on opposite sides of the tracks, only to meet again with fateful consequences.      Few musicals have received quite such acclaim as the multi-award-winning BLOOD BROTHERS. The production ran for more than 10,000 performances in London's West End and has been...",Wales Millenium Centre,https://www.wmc.org.uk,./static/images/wmc_logo.png,228,03 Jul 2026 09:17
https://www.wmc.org.uk/en/whats-on/2027/andrew-bird-on-the-edge-tour,Andrew Bird - On The Edge Tour,20 February 2027,Sat 20 Feb 2027,,2027-02-20,2027-02-20,,"Wales Millenium Centre, Bute Place, Cardiff, CF10 5AL",Wales Millenium Centre,Wales Millenium Centre,CF10 5AL,Cardiff,cff,Wales Millenium Centre  Bute Place  Cardiff  CF10 5AL,performance,"Back with a brand-new show, Andrew has just supported Russell Howard on his current national tour including four straight shows at The London Palladium. He has also recently supported Rhod Gilbert and Troy Hawke and at The UK Comedy Awards 2023 was voted Comic's Comic-Best Act. Andrew is always worried or stressed about something. From global events to finding free parking. From a wife hitting...",Wales Millenium Centre,https://www.wmc.org.uk,./static/images/wmc_logo.png,232,03 Jul 2026 09:17
https://www.wmc.org.uk/en/whats-on/2027/chicago,Chicago,22 - 27 February 2027,Mon 22 Feb 2027 - Sat 27 Feb 2027,,2027-02-22,2027-02-27,,"Wales Millenium Centre, Bute Place, Cardiff, CF10 5AL",Wales Millenium Centre,Wales Millenium Centre,CF10 5AL,Cardiff,cff,Wales Millenium Centre  Bute Place  Cardiff  CF10 5AL,performance,"On sale to Partner and Partner Awen members from 10am, 29 JuneOn sale to Ffrind and Ffrind+ members from 10am, 1 JulyOn sale to Groups from 10am, 2 JulyOn sale to the public from 10am, 3 July",Wales Millenium Centre,https://www.wmc.org.uk,./static/images/wmc_logo.png,234,03 Jul 2026 09:17
https://www.wmc.org.uk/en/whats-on/2027/sibelius-6-and-7,Sibelius 6 & 7,25 February 2027,Thu 25 Feb 2027,,2027-02-25,2027-02-25,,"Wales Millenium Centre, Bute Place, Cardiff, CF10 5AL",Wales Millenium Centre,Wales Millenium Centre,CF10 5AL,Cardiff,cff,Wales Millenium Centre  Bute Place  Cardiff  CF10 5AL,performance,"This programme traces a journey from Romantic drama to Nordic quality under the baton of Pietari Inkinen, with Anna Geniushine as soloist.   Wagner's Overture to Tannhäuser opens the concert with a powerful depiction of inner conflict. As Wagner described it, the overture stands as a complete musical argument in itself, from the solemn tread of the Pilgrims' Chorus to the intoxicating swirl of...",Wales Millenium Centre,https://www.wmc.org.uk,./static/images/wmc_logo.png,237,03 Jul 2026 09:17
https://www.wmc.org.uk/en/whats-on/2027/jesus-christ-superstar,Jesus Christ Superstar,2 - 13 March 2027,Tue 02 Mar 2027 - Sat 13 Mar 2027,,2027-03-02,2027-03-13,March 2027,"Wales Millenium Centre, Bute Place, Cardiff, CF10 5AL",Wales Millenium Centre,Wales Millenium Centre,CF10 5AL,Cardiff,cff,Wales Millenium Centre  Bute Place  Cardiff  CF10 5AL,performance,"On sale to Partner and Partner Awen members from 10am, 29 June On sale to Ffrind and Ffrind+ members from 10am, 1 July On sale to Groups from 10am, 2 July On sale to the public from 10am, 3 July",Wales Millenium Centre,https://www.wmc.org.uk,./static/images/wmc_logo.png,242,03 Jul 2026 09:17
https://www.wmc.org.uk/en/whats-on/2027/welsh-national-opera-the-anonymous-lover,Welsh National Opera: The Anonymous Lover,"4, 6 + 12 March 2027","4, 6 + 12 Mar 2027",,2027-03-04,2027-03-12,,"Wales Millenium Centre, Bute Place, Cardiff, CF10 5AL",Wales Millenium Centre,Wales Millenium Centre,CF10 5AL,Cardiff,cff,Wales Millenium Centre  Bute Place  Cardiff  CF10 5AL,performance,"Playful, witty and irresistibly charming, The Anonymous Lover is a sparkling romantic comedy about the risks and rewards of falling in love.     Léontine, a wealthy widow, swears she'll never love again after an unhappy marriage. When mysterious letters and thoughtful gifts begin arriving from a secret admirer, her resolve starts to waver. The sender is her friend Valcour, who hides his identity,...",Wales Millenium Centre,https://www.wmc.org.uk,./static/images/wmc_logo.png,244,03 Jul 2026 09:17
https://www.wmc.org.uk/en/whats-on/2027/friday-night-is-music-night,Friday Night Is Music Night - Music Of The Coast,5 March 2027,Fri 05 Mar 2027,,2027-03-05,2027-03-05,,"Wales Millenium Centre, Bute Place, Cardiff, CF10 5AL",Wales Millenium Centre,Wales Millenium Centre,CF10 5AL,Cardiff,cff,Wales Millenium Centre  Bute Place  Cardiff  CF10 5AL,performance,"SEASCAPES | ADVENTURE | ATMOSPHERE Under the direction of David Brophy, this BBC Radio 3 Friday Night is Music Night celebrates Britain's enduring relationship with the sea, blending light hearted charm with richly atmospheric music. From the overture to Sullivan's irresistible H. M. S. Pinafore to Walton's exuberant Portsmouth Point, the first half evokes coastal life in all its colour and...",Wales Millenium Centre,https://www.wmc.org.uk,./static/images/wmc_logo.png,245,03 Jul 2026 09:17
https://www.wmc.org.uk/en/whats-on/2027/welsh-national-opera-jason-and-the-argonauts,Welsh National Opera: Jason And The Argonauts,13 March 2027,Sat 13 Mar 2027,,2027-03-13,2027-03-13,,"Wales Millenium Centre, Bute Place, Cardiff, CF10 5AL",Wales Millenium Centre,Wales Millenium Centre,CF10 5AL,Cardiff,cff,Wales Millenium Centre  Bute Place  Cardiff  CF10 5AL,performance,"Get ready to embark on an adventure of magic and music with Jason and his fearless band of Argonauts in this thrilling retelling of a Greek classic. Raised among nature and music in a magical forest, Jason longs to be a hero. When he discovers that his Uncle Pelias has stolen his place as King, he rushes to reclaim the throne. But King Pelias has one condition: Jason must bring him the Golden...",Wales Millenium Centre,https://www.wmc.org.uk,./static/images/wmc_logo.png,253,03 Jul 2026 09:17
https://www.wmc.org.uk/en/whats-on/2027/matthew-bournes-cinderella,Matthew Bourne's Cinderella,16 - 20 March 2027,Tue 16 Mar 2027 - Sat 20 Mar 2027,,2027-03-16,2027-03-20,,"Wales Millenium Centre, Bute Place, Cardiff, CF10 5AL",Wales Millenium Centre,Wales Millenium Centre,CF10 5AL,Cardiff,cff,Wales Millenium Centre  Bute Place  Cardiff  CF10 5AL,performance,"London 1940. The Blackout. A siren sounds. .. New Adventures return to Wales Millennium Centre with the 30th Anniversary celebration of one of their most popular and beloved productions, Matthew Bourne's Cinderella – a thrilling and evocative love story, set in London during the Second World War.",Wales Millenium Centre,https://www.wmc.org.uk,./static/images/wmc_logo.png,256,03 Jul 2026 09:17
https://www.wmc.org.uk/en/whats-on/2027/ballet-music,Ballet Music – Stravinsky & Ravel,18 March 2027,Thu 18 Mar 2027,,2027-03-18,2027-03-18,,"Wales Millenium Centre, Bute Place, Cardiff, CF10 5AL",Wales Millenium Centre,Wales Millenium Centre,CF10 5AL,Cardiff,cff,Wales Millenium Centre  Bute Place  Cardiff  CF10 5AL,performance,"DIALOGUE | SHARPNESS | ENCHANTMENT Under the direction of Ludovic Morlot, this programme brings together three composers who reshaped musical language with imagination and originality. Stravinsky's dazzling ballet Jeu des cartes opens the concert with wit and rhythmic brilliance, spinning a sly narrative around the deceitful Joker in music of razor‑sharp invention. At the heart of the evening is...",Wales Millenium Centre,https://www.wmc.org.uk,./static/images/wmc_logo.png,258,03 Jul 2026 09:17
https://www.wmc.org.uk/en/whats-on/2027/mrs-doubtfire,Mrs Doubtfire,23 March – 11 April 2027,Tue 23 Mar 2027 – Sun 11 Apr 2027,,2027-03-23,2027-04-11,,"Wales Millenium Centre, Bute Place, Cardiff, CF10 5AL",Wales Millenium Centre,Wales Millenium Centre,CF10 5AL,Cardiff,cff,Wales Millenium Centre  Bute Place  Cardiff  CF10 5AL,performance,"Helloooo, poppets! Mrs Doubtfire, the West End's hit comedy musical based on the beloved film, is heading to Cardiff from 23 March 2027. This ‘genuinely funny' (Time Out) show features all the iconic moments you love, plus fabulous new songs and dazzling dance numbers! Put it all together, and you've got a 'surefire hit' (The Telegraph, Daily Express) that can't be missed. Out-of-work actor...",Wales Millenium Centre,https://www.wmc.org.uk,./static/images/wmc_logo.png,263,03 Jul 2026 09:17
https://www.wmc.org.uk/en/whats-on/2027/celtic-beethoven,Celtic Beethoven,26 March 2027,Fri 26 Mar 2027,,2027-03-26,2027-03-26,,"Wales Millenium Centre, Bute Place, Cardiff, CF10 5AL",Wales Millenium Centre,Wales Millenium Centre,CF10 5AL,Cardiff,cff,Wales Millenium Centre  Bute Place  Cardiff  CF10 5AL,performance,"ENERGY IDENTITY SONG Marking 200 years since the death of Beethoven, this special concert celebrates the composer through his remarkable connections to the folk traditions of the British Isles. Conducted by Grant Llewellyn, with baritone Gwilym Bowen Rees piper Carlos Núñez Muñoz and harpist Catrin Finch, the programme highlights Beethoven's fascination with Irish, Scottish and Welsh melodies....",Wales Millenium Centre,https://www.wmc.org.uk,./static/images/wmc_logo.png,266,03 Jul 2026 09:17
https://www.wmc.org.uk/en/whats-on/2027/pride-and-prejudice-sort-of,Pride And Prejudice* (*Sort Of),13 - 17 April 2027,Tue 13 Apr 2027 - Sat 17 Apr 2027,,2027-04-13,2027-04-17,April 2027,"Wales Millenium Centre, Bute Place, Cardiff, CF10 5AL",Wales Millenium Centre,Wales Millenium Centre,CF10 5AL,Cardiff,cff,Wales Millenium Centre  Bute Place  Cardiff  CF10 5AL,performance,"On sale to Partner and Partner Awen members from 10am, 29 JuneOn sale to Ffrind and Ffrind+ members from 10am, 1 JulyOn sale to Groups from 10am, 2 JulyOn sale to the public from 10am, 3 July",Wales Millenium Centre,https://www.wmc.org.uk,./static/images/wmc_logo.png,284,03 Jul 2026 09:17
https://www.wmc.org.uk/en/whats-on/2027/rhapsody-in-blue,Rhapsody In Blue,15 April 2027,Thu 15 Apr 2027,,2027-04-15,2027-04-15,,"Wales Millenium Centre, Bute Place, Cardiff, CF10 5AL",Wales Millenium Centre,Wales Millenium Centre,CF10 5AL,Cardiff,cff,Wales Millenium Centre  Bute Place  Cardiff  CF10 5AL,performance,"CONNECTION JAZZ FIRE  This vibrant programme brings together music of dialogue, city energy and sun‑drenched dance under the direction of Carlos Miguel Prieto. Gabriela Ortiz's TZAM, meaning “dialogue” in the endangered Ayapaneco language, opens the evening with a powerful reflection on human connection, memory and shared space. Dedicated to the late composer Mario Lavista, the work invites...",Wales Millenium Centre,https://www.wmc.org.uk,./static/images/wmc_logo.png,286,03 Jul 2026 09:17
https://www.wmc.org.uk/en/whats-on/2027/disney-princess-the-concert,Disney Princess - The Concert,18 April 2027,Sun 18 Apr 2027,,2027-04-18,2027-04-18,,"Wales Millenium Centre, Bute Place, Cardiff, CF10 5AL",Wales Millenium Centre,Wales Millenium Centre,CF10 5AL,Cardiff,cff,Wales Millenium Centre  Bute Place  Cardiff  CF10 5AL,performance,"For generations, the music of Disney's princesses has been the soundtrack to our lives. Now, these beloved songs come alive on stage with a host of acclaimed Broadway and West End stars in Disney Princess – The Concert. Your every dream will come true as larger-than-life animation and theatrical effects immerse the audience in pure Disney magic, while these powerhouse talents sing your favourite...",Wales Millenium Centre,https://www.wmc.org.uk,./static/images/wmc_logo.png,289,03 Jul 2026 09:17
https://www.wmc.org.uk/en/whats-on/2027/just-for-one-day,Just For One Day: The Live Aid Musical,20 – 24 April 2027,Tue 20 Apr 2027 – Sat 24 Apr 2027,,2027-04-20,2027-04-24,,"Wales Millenium Centre, Bute Place, Cardiff, CF10 5AL",Wales Millenium Centre,Wales Millenium Centre,CF10 5AL,Cardiff,cff,Wales Millenium Centre  Bute Place  Cardiff  CF10 5AL,performance,"Experience the most powerful night of music you'll ever have at the theatre at Just For One Day: The Live Aid Musical, featuring the most iconic songs from Bob Dylan, David Bowie, The Who, U2, Queen, Madonna, Sting, Elton John, Paul McCartney, Diana Ross and more.   40 years on from the iconic gig that re-wrote music history, relive the joy of Live Aid in a “completely new and delightful way! ”...",Wales Millenium Centre,https://www.wmc.org.uk,./static/images/wmc_logo.png,291,03 Jul 2026 09:17
https://www.wmc.org.uk/en/whats-on/2027/grace,Grace – Astral Illuminations,22 April 2027,Thu 22 Apr 2027,,2027-04-22,2027-04-22,,"Wales Millenium Centre, Bute Place, Cardiff, CF10 5AL",Wales Millenium Centre,Wales Millenium Centre,CF10 5AL,Cardiff,cff,Wales Millenium Centre  Bute Place  Cardiff  CF10 5AL,performance,"WONDER | MEMORY | RADIANCE Conductor Chloe Rooke leads an immersive programme inspired by orbiting worlds, imagined landscapes and folk memory, with Laura van der Heijden as soloist. Missy Mazzoli's Sinfonia (for Orbiting Spheres) opens the concert in restless motion, its looping figures circling like a living solar system. The first half culminates in the world premiere of Augusta Read Thomas's...",Wales Millenium Centre,https://www.wmc.org.uk,./static/images/wmc_logo.png,293,03 Jul 2026 09:17
https://www.wmc.org.uk/en/whats-on/2027/the-curious-incident-of-the-dog-in-the-night-time,The Curious Incident Of The Dog In The Night-Time,27 April – 1 May 2027,Tue 27 Apr 2027 – Sat 01 May 2027,,2027-04-27,2027-05-01,,"Wales Millenium Centre, Bute Place, Cardiff, CF10 5AL",Wales Millenium Centre,Wales Millenium Centre,CF10 5AL,Cardiff,cff,Wales Millenium Centre  Bute Place  Cardiff  CF10 5AL,performance,The century's most popular murder mystery.,Wales Millenium Centre,https://www.wmc.org.uk,./static/images/wmc_logo.png,298,03 Jul 2026 09:17
https://www.wmc.org.uk/en/whats-on/2027/grease,Grease,3 - 8 May 2027,Mon 03 May 2027 - Sat 08 May 2027,,2027-05-03,2027-05-08,May 2027,"Wales Millenium Centre, Bute Place, Cardiff, CF10 5AL",Wales Millenium Centre,Wales Millenium Centre,CF10 5AL,Cardiff,cff,Wales Millenium Centre  Bute Place  Cardiff  CF10 5AL,performance,"The world's best-loved musical is back! Grittier and more glamorous than ever before. After a whirlwind summer romance, leather-clad greaser Danny and girl-next-door Sandy are unexpectedly reunited when she transfers to Rydell High for senior year. But can they survive the trials and tribulations of teenage life and find true love once more? With its phenomenal score, bursting with hits including...",Wales Millenium Centre,https://www.wmc.org.uk,./static/images/wmc_logo.png,304,03 Jul 2026 09:17
https://www.wmc.org.uk/en/whats-on/2027/strauss-and-bruckner,Strauss & Bruckner,8 May 2027,Sat 08 May 2027,,2027-05-08,2027-05-08,,"Wales Millenium Centre, Bute Place, Cardiff, CF10 5AL",Wales Millenium Centre,Wales Millenium Centre,CF10 5AL,Cardiff,cff,Wales Millenium Centre  Bute Place  Cardiff  CF10 5AL,performance,"From hushed contemplation to radiant choral power, an arc of transformation unfolds.   Conducted by Alpesh Chauhan, we open with 1001 by Icelandic composer and violinist María Huld Markan Sigfúsdóttir, a work of luminous colour and subtle intensity. Strauss's Metamorphosen, composed in the final months of the Second World War, follows as a deeply personal meditation on loss and renewal, its...",Wales Millenium Centre,https://www.wmc.org.uk,./static/images/wmc_logo.png,309,03 Jul 2026 09:17
https://www.wmc.org.uk/en/whats-on/2027/hedd-wyn-eisteddfod-atomig,Hedd Wyn: Eisteddfod Atomig,18 – 22 May 2027,Tue 18 May 2027 – Sat 22 May 2027,,2027-05-18,2027-05-22,,"Wales Millenium Centre, Bute Place, Cardiff, CF10 5AL",Wales Millenium Centre,Wales Millenium Centre,CF10 5AL,Cardiff,cff,Wales Millenium Centre  Bute Place  Cardiff  CF10 5AL,performance,"Trawsfynydd, 2117.      200 years after the death of Welsh poet Hedd Wyn, a group of pilgrims return to Trawsfynydd - now an abandoned exclusion zone following a catastrophic failure at the nearby nuclear power station - to reconnect with their Welsh heritage.     Expecting a commemorative tour of Hedd Wyn's ancestral home, they instead step into a fractured landscape where radiation has...",Wales Millenium Centre,https://www.wmc.org.uk,./static/images/wmc_logo.png,319,03 Jul 2026 09:17
https://www.wmc.org.uk/en/whats-on/2027/bbc-now-surround-sound,BBCNow Surround Sound,19 May 2027,Wed 19 May 2027,,2027-05-19,2027-05-19,,"Wales Millenium Centre, Bute Place, Cardiff, CF10 5AL",Wales Millenium Centre,Wales Millenium Centre,CF10 5AL,Cardiff,cff,Wales Millenium Centre  Bute Place  Cardiff  CF10 5AL,performance,"IMMERSION | MOVEMENT | PRESENCE Sound is never still in this performance; it drifts, pulses and gathers around you. Conceived by Daniel Pioro, the concert invites listeners to move freely through the space: to walk, change seats, or sit among the musicians as the music unfolds. The focus is not on passive listening, but on presence — on how sound is felt as much as heard. Steve Reich's Duet for...",Wales Millenium Centre,https://www.wmc.org.uk,./static/images/wmc_logo.png,320,03 Jul 2026 09:17
https://www.wmc.org.uk/en/whats-on/2027/cats,Cats,25 – 29 May 2027,Tue 25 May 2027 – Sat 29 May 2027,,2027-05-25,2027-05-29,,"Wales Millenium Centre, Bute Place, Cardiff, CF10 5AL",Wales Millenium Centre,Wales Millenium Centre,CF10 5AL,Cardiff,cff,Wales Millenium Centre  Bute Place  Cardiff  CF10 5AL,performance,"A NEW DAY HAS BEGUN. A spectacular new production of Andrew Lloyd Webber's multi award-winning musical CATS is coming to Wales Millennium Centre. From Euston station to Victoria Grove, the strays and rebels of London gather under the Jellicle moon in the hope they'll be the chosen one. And each of them asks, because each of them dares, who will it be? Based on T. S. Eliot's Old Possum's Book of...",Wales Millenium Centre,https://www.wmc.org.uk,./static/images/wmc_logo.png,326,03 Jul 2026 09:17
https://www.wmc.org.uk/en/whats-on/2027/everybodys-talking-about-jamie,Everybody's Talking About Jamie,1 - 5 June 2027,Tue 01 Jun 2027 - Sat 05 Jun 2027,,2027-06-01,2027-06-05,June 2027,"Wales Millenium Centre, Bute Place, Cardiff, CF10 5AL",Wales Millenium Centre,Wales Millenium Centre,CF10 5AL,Cardiff,cff,Wales Millenium Centre  Bute Place  Cardiff  CF10 5AL,performance,"Following a record-breaking three-year West End residency, two sold-out UK & Ireland Tours and Amazon Studios award-winning film, the smash-hit and critically acclaimed musical Everybody's Talking About Jamie RETURNS for the 10th Anniversary Tour with a brand-new song.",Wales Millenium Centre,https://www.wmc.org.uk,./static/images/wmc_logo.png,333,03 Jul 2026 09:17
https://www.wmc.org.uk/en/whats-on/2027/beethoven-9,Beethoven 9,10 June 2027,Thu 10 Jun 2027,,2027-06-10,2027-06-10,,"Wales Millenium Centre, Bute Place, Cardiff, CF10 5AL",Wales Millenium Centre,Wales Millenium Centre,CF10 5AL,Cardiff,cff,Wales Millenium Centre  Bute Place  Cardiff  CF10 5AL,performance,"HERITAGE | UNITY | LEGACY A bold contemporary voice meets one of the greatest symphonic landmarks in an evening led by Principal Guest Conductor Jaime Martin, marking 200 years since the death of Beethoven. James MacMillan's Concerto for Orchestra – Ghosts, opens the programme: a continuous, through‑composed work alive with shifting memories, folk echoes and spectral allusions. Chamber groupings...",Wales Millenium Centre,https://www.wmc.org.uk,./static/images/wmc_logo.png,342,03 Jul 2026 09:17
https://www.wmc.org.uk/en/whats-on/2027/johannes-radebe-finally-home,Johannes Radebe: Finally Home,13 June 2027,Sun 13 Jun 2027,,2027-06-13,2027-06-13,,"Wales Millenium Centre, Bute Place, Cardiff, CF10 5AL",Wales Millenium Centre,Wales Millenium Centre,CF10 5AL,Cardiff,cff,Wales Millenium Centre  Bute Place  Cardiff  CF10 5AL,performance,"On sale to Partner and Partner Awen members from 10am, 29 June On sale to Ffrind and Ffrind+ members from 10am, 1 July On sale to the public from 10am, 3 July",Wales Millenium Centre,https://www.wmc.org.uk,./static/images/wmc_logo.png,345,03 Jul 2026 09:17
https://www.wmc.org.uk/en/whats-on/2027/hadestown,Hadestown,29 June - 3 July 2027,Tue 29 Jun 2027 - Sat 03 Jul 2027,,2027-06-29,2027-07-03,,"Wales Millenium Centre, Bute Place, Cardiff, CF10 5AL",Wales Millenium Centre,Wales Millenium Centre,CF10 5AL,Cardiff,cff,Wales Millenium Centre  Bute Place  Cardiff  CF10 5AL,performance,"On sale to Partner and Partner Awen members 29 June, 10am On sale to Ffrind and Ffrind+ members 1 July, 10am On sale to Groups 2 July, 10am On sale to the public 3 July, 10am",Wales Millenium Centre,https://www.wmc.org.uk,./static/images/wmc_logo.png,361,03 Jul 2026 09:17
https://www.wmc.org.uk/en/whats-on/2027/its-a-sin,It's A Sin,6 - 10 July 2027,Tue 06 Jul 2027 - Sat 10 Jul 2027,,2027-07-06,2027-07-10,July 2027,"Wales Millenium Centre, Bute Place, Cardiff, CF10 5AL",Wales Millenium Centre,Wales Millenium Centre,CF10 5AL,Cardiff,cff,Wales Millenium Centre  Bute Place  Cardiff  CF10 5AL,performance,"Rambert's new dance work It's a Sin, inspired by the acclaimed series by Russell T Davies, directed and choreographed by Artistic Director Benoit Swan Pouffer. Joy as resistance. Love as survival. In the heart of 80s London, Ritchie, Roscoe, Colin and Jill are chasing identity, connection and a life on their own terms. When day spills into night, they find a world of abandon, music and...",Wales Millenium Centre,https://www.wmc.org.uk,./static/images/wmc_logo.png,368,03 Jul 2026 09:17
https://www.wmc.org.uk/en/whats-on/2027/back-to-the-future,Back To The Future,19 October - 13 November 2027,Tue 19 Oct 2027 - Sat 13 Nov 2027,,2027-10-19,2027-11-13,October 2027,"Wales Millenium Centre, Bute Place, Cardiff, CF10 5AL",Wales Millenium Centre,Wales Millenium Centre,CF10 5AL,Cardiff,cff,Wales Millenium Centre  Bute Place  Cardiff  CF10 5AL,performance,"Great Scott, Cardiff– the DeLorean is coming your way! Strap in for the smash hit Back to the Future The Musical, landing at Wales Millennium Centre as part of its first ever UK tour with rising Australian star Axel Duffy returning as Marty McFly. Winner of Best New Musical at the Olivier Awards, WhatsOnStage Awards and Broadway World Awards, this “perfect musical escapism” (Metro) is ready to...",Wales Millenium Centre,https://www.wmc.org.uk,./static/images/wmc_logo.png,473,03 Jul 2026 09:17
